frame,total_vehicles,cars,motorcycles,buses,trucks,bicycles,people,total_detections
frame_0.jpg,33,25,1,5,2,0,0,33
frame_10.jpg,34,24,0,9,1,0,2,36
frame_100.jpg,34,29,0,5,0,0,1,35
frame_1000.jpg,21,17,0,4,0,0,1,22
frame_1004.jpg,23,17,0,6,0,0,1,24
frame_1008.jpg,28,19,0,8,1,0,1,29
frame_1012.jpg,27,18,0,8,1,0,1,28
frame_1016.jpg,26,19,0,6,1,0,1,27
frame_1020.jpg,30,23,0,6,1,0,1,31
frame_1024.jpg,26,20,0,5,1,0,0,26
frame_1028.jpg,25,18,0,6,1,0,1,26
frame_1032.jpg,26,19,0,6,1,0,0,26
frame_1036.jpg,26,21,0,4,1,0,0,26
frame_104.jpg,41,32,1,4,4,0,0,41
frame_1040.jpg,28,23,0,4,1,0,0,28
frame_1044.jpg,28,22,0,6,0,0,0,28
frame_1048.jpg,31,23,0,6,2,0,0,31
frame_1052.jpg,31,24,0,6,1,0,1,32
frame_1056.jpg,31,25,1,4,1,0,1,32
frame_1060.jpg,36,30,0,5,1,0,2,38
frame_1064.jpg,28,24,0,4,0,0,0,28
frame_1068.jpg,30,26,1,3,0,0,1,31
frame_1072.jpg,31,24,2,5,0,0,0,31
frame_1076.jpg,34,27,1,5,1,0,1,35
frame_108.jpg,34,27,0,5,2,0,1,35
frame_1080.jpg,27,25,0,2,0,0,2,29
frame_1084.jpg,28,24,1,3,0,0,1,29
frame_1088.jpg,25,22,1,2,0,0,0,25
frame_1092.jpg,28,25,1,2,0,0,0,28
frame_1096.jpg,27,23,0,3,1,0,0,27
frame_1100.jpg,41,29,2,8,2,0,2,43
frame_11000.jpg,32,20,0,11,1,0,1,33
frame_11004.jpg,31,19,0,11,1,0,1,32
frame_11008.jpg,32,20,0,11,1,0,0,32
frame_11012.jpg,32,20,0,11,1,0,1,33
frame_11016.jpg,32,17,0,14,1,0,0,32
frame_11020.jpg,28,14,0,13,1,0,1,29
frame_11024.jpg,32,17,0,14,1,0,1,33
frame_11028.jpg,36,23,0,12,1,0,1,37
frame_11032.jpg,32,19,0,12,1,0,1,33
frame_11036.jpg,33,16,0,16,1,0,1,34
frame_1104.jpg,42,29,2,8,3,0,2,44
frame_11040.jpg,30,13,1,15,1,0,1,31
frame_11044.jpg,28,18,0,9,1,0,2,30
frame_11048.jpg,29,17,1,10,1,0,2,31
frame_11052.jpg,30,18,0,11,1,0,1,31
frame_11056.jpg,30,19,1,9,1,0,2,32
frame_11060.jpg,28,17,0,10,1,0,4,32
frame_11064.jpg,30,19,1,9,1,0,3,33
frame_11068.jpg,29,21,0,8,0,0,3,32
frame_11072.jpg,28,17,0,10,1,0,1,29
frame_11076.jpg,28,18,0,10,0,0,2,30
frame_1108.jpg,38,30,1,5,2,0,3,41
frame_11080.jpg,29,19,0,10,0,0,3,32
frame_11084.jpg,35,26,0,9,0,0,2,37
frame_11088.jpg,36,25,1,10,0,0,1,37
frame_11092.jpg,43,29,1,12,1,0,1,44
frame_11096.jpg,39,29,1,9,0,0,1,40
frame_11100.jpg,35,27,1,7,0,0,1,36
frame_11104.jpg,35,24,1,10,0,0,1,36
frame_11108.jpg,35,24,1,10,0,0,1,36
frame_11112.jpg,32,21,0,10,1,0,0,32
frame_11116.jpg,33,20,0,13,0,0,0,33
frame_1112.jpg,42,30,1,7,4,0,1,43
frame_11120.jpg,34,24,0,10,0,0,1,35
frame_11124.jpg,35,25,0,10,0,0,1,36
frame_11128.jpg,31,22,0,9,0,0,0,31
frame_11132.jpg,30,21,0,9,0,0,1,31
frame_11136.jpg,30,23,0,7,0,0,1,31
frame_11140.jpg,33,26,0,7,0,0,1,34
frame_11144.jpg,30,21,0,8,1,0,1,31
frame_11148.jpg,35,27,1,7,0,0,2,37
frame_11152.jpg,34,24,1,9,0,0,1,35
frame_11156.jpg,38,29,0,8,1,0,1,39
frame_1116.jpg,38,28,0,7,3,0,1,39
frame_11160.jpg,35,25,1,8,1,0,1,36
frame_11164.jpg,36,25,0,10,1,0,1,37
frame_11168.jpg,33,22,0,11,0,0,1,34
frame_11172.jpg,35,23,0,12,0,0,1,36
frame_11176.jpg,37,28,0,9,0,0,1,38
frame_11180.jpg,37,29,0,8,0,0,1,38
frame_11184.jpg,29,19,0,9,1,0,1,30
frame_11188.jpg,32,20,0,11,1,0,1,33
frame_11192.jpg,35,23,0,10,2,0,1,36
frame_11196.jpg,33,22,0,10,1,0,1,34
frame_112.jpg,32,22,0,8,2,0,1,33
frame_1120.jpg,43,35,1,6,1,0,1,44
frame_11200.jpg,34,23,0,11,0,0,2,36
frame_11204.jpg,32,22,0,9,1,0,2,34
frame_11208.jpg,32,22,0,9,1,0,2,34
frame_11212.jpg,35,23,0,9,3,0,2,37
frame_11216.jpg,34,23,0,9,2,0,2,36
frame_11220.jpg,33,25,0,8,0,0,2,35
frame_11224.jpg,35,26,0,8,1,0,2,37
frame_11228.jpg,34,24,0,9,1,0,2,36
frame_11232.jpg,32,21,0,10,1,0,3,35
frame_11236.jpg,36,26,0,9,1,0,3,39
frame_1124.jpg,40,29,1,8,2,0,3,43
frame_11240.jpg,38,27,0,10,1,0,3,41
frame_11244.jpg,35,23,0,11,1,0,3,38
frame_11248.jpg,39,28,0,10,1,0,3,42
frame_11252.jpg,37,23,1,12,1,0,2,39
frame_11256.jpg,34,23,0,9,2,0,2,36
frame_11260.jpg,33,24,0,8,1,0,3,36
frame_11264.jpg,33,24,0,8,1,0,4,37
frame_11268.jpg,36,26,0,9,1,0,3,39
frame_11272.jpg,34,24,0,9,1,0,2,36
frame_11276.jpg,32,23,0,9,0,0,2,34
frame_1128.jpg,44,33,0,9,2,0,3,47
frame_11280.jpg,37,26,0,10,1,0,1,38
frame_11284.jpg,33,19,0,12,2,0,3,36
frame_11288.jpg,35,20,0,14,1,0,1,36
frame_11292.jpg,36,22,0,14,0,0,1,37
frame_11296.jpg,35,20,0,14,1,0,2,37
frame_11300.jpg,34,19,0,15,0,0,0,34
frame_11304.jpg,39,21,0,17,1,0,2,41
frame_11308.jpg,34,21,0,13,0,0,2,36
frame_11312.jpg,29,15,0,14,0,0,1,30
frame_11316.jpg,33,16,0,16,1,0,2,35
frame_1132.jpg,41,31,1,8,1,0,3,44
frame_11320.jpg,31,16,0,15,0,0,1,32
frame_11324.jpg,34,16,0,18,0,0,3,37
frame_11328.jpg,35,20,0,15,0,0,3,38
frame_11332.jpg,40,21,0,17,2,0,2,42
frame_11336.jpg,36,20,0,14,2,0,3,39
frame_11340.jpg,33,18,0,14,1,0,2,35
frame_11344.jpg,35,19,0,14,2,0,3,38
frame_11348.jpg,34,18,0,14,2,0,2,36
frame_11352.jpg,35,18,0,16,1,0,3,38
frame_11356.jpg,33,18,0,14,1,0,0,33
frame_1136.jpg,43,35,1,6,1,0,2,45
frame_11360.jpg,37,20,0,16,1,0,0,37
frame_11364.jpg,35,20,0,14,1,0,1,36
frame_11368.jpg,32,19,1,10,2,0,2,34
frame_11372.jpg,29,14,0,13,2,0,2,31
frame_11376.jpg,32,18,1,11,2,0,2,34
frame_11380.jpg,30,20,0,8,2,0,2,32
frame_11384.jpg,35,24,0,8,3,0,1,36
frame_11388.jpg,28,17,0,9,2,0,2,30
frame_11392.jpg,35,25,0,8,2,0,1,36
frame_11396.jpg,34,18,0,14,2,0,2,36
frame_1140.jpg,41,33,1,7,0,0,2,43
frame_11400.jpg,35,18,1,14,2,0,3,38
frame_11404.jpg,33,19,0,14,0,0,2,35
frame_11408.jpg,40,21,3,15,1,0,2,42
frame_11412.jpg,35,21,2,11,1,0,2,37
frame_11416.jpg,40,25,2,11,2,0,1,41
frame_11420.jpg,29,15,1,11,2,0,1,30
frame_11424.jpg,35,19,1,14,1,0,2,37
frame_11428.jpg,27,14,0,12,1,0,1,28
frame_11432.jpg,29,18,0,11,0,0,1,30
frame_11436.jpg,29,14,2,12,1,0,1,30
frame_1144.jpg,45,36,0,6,3,0,3,48
frame_11440.jpg,29,12,1,14,2,0,1,30
frame_11444.jpg,29,15,0,12,2,0,1,30
frame_11448.jpg,33,17,3,11,2,0,1,34
frame_11452.jpg,32,17,2,11,2,0,1,33
frame_11456.jpg,32,15,1,13,3,0,1,33
frame_11460.jpg,28,14,0,12,2,0,1,29
frame_11464.jpg,35,19,0,14,2,0,1,36
frame_11468.jpg,35,21,1,13,0,0,1,36
frame_11472.jpg,41,25,0,13,3,0,1,42
frame_11476.jpg,39,25,0,12,2,0,1,40
frame_1148.jpg,40,35,0,5,0,0,3,43
frame_11480.jpg,37,24,0,11,2,0,1,38
frame_11484.jpg,35,23,0,10,2,0,1,36
frame_11488.jpg,30,19,0,11,0,0,1,31
frame_11492.jpg,35,20,0,13,2,0,1,36
frame_11496.jpg,32,20,0,12,0,0,1,33
frame_11500.jpg,27,15,0,12,0,0,1,28
frame_11504.jpg,30,20,0,10,0,0,2,32
frame_11508.jpg,34,23,0,10,1,0,1,35
frame_11512.jpg,34,22,0,12,0,0,1,35
frame_11516.jpg,35,22,0,12,1,0,2,37
frame_1152.jpg,43,34,0,7,2,0,1,44
frame_11520.jpg,32,20,0,12,0,0,1,33
frame_11524.jpg,33,23,0,9,1,0,1,34
frame_11528.jpg,31,20,0,10,1,0,2,33
frame_11532.jpg,32,18,0,13,1,0,1,33
frame_11536.jpg,38,26,0,12,0,0,2,40
frame_11540.jpg,35,22,0,12,1,0,2,37
frame_11544.jpg,34,21,0,13,0,0,1,35
frame_11548.jpg,30,17,0,13,0,0,1,31
frame_11552.jpg,31,20,0,11,0,0,2,33
frame_11556.jpg,27,15,0,12,0,0,1,28
frame_1156.jpg,44,34,0,7,3,0,3,47
frame_11560.jpg,34,19,1,13,1,0,2,36
frame_11564.jpg,30,17,0,13,0,0,1,31
frame_11568.jpg,36,20,1,14,1,0,1,37
frame_11572.jpg,29,17,0,12,0,0,1,30
frame_11576.jpg,28,16,0,12,0,0,1,29
frame_11580.jpg,29,18,1,10,0,0,1,30
frame_11584.jpg,29,17,0,12,0,0,1,30
frame_11588.jpg,28,18,0,10,0,0,1,29
frame_11592.jpg,31,18,2,11,0,0,2,33
frame_11596.jpg,32,21,0,11,0,0,2,34
frame_116.jpg,39,27,0,11,1,0,1,40
frame_1160.jpg,46,37,0,7,2,0,3,49
frame_11600.jpg,31,20,0,11,0,0,2,33
frame_11604.jpg,31,22,0,9,0,0,2,33
frame_11608.jpg,29,18,1,10,0,0,2,31
frame_11612.jpg,31,23,0,8,0,0,2,33
frame_11616.jpg,34,24,1,8,1,0,2,36
frame_11620.jpg,30,22,0,8,0,0,1,31
frame_11624.jpg,26,18,0,8,0,0,1,27
frame_11628.jpg,32,25,0,7,0,0,1,33
frame_11632.jpg,33,24,0,8,1,0,1,34
frame_11636.jpg,30,22,0,8,0,0,2,32
frame_1164.jpg,47,37,1,6,3,0,2,49
frame_11640.jpg,32,25,0,7,0,0,1,33
frame_11644.jpg,24,18,0,6,0,0,1,25
frame_11648.jpg,25,17,0,7,1,0,2,27
frame_11652.jpg,28,20,0,8,0,0,2,30
frame_11656.jpg,28,20,0,7,1,0,2,30
frame_11660.jpg,30,21,0,7,2,0,2,32
frame_11664.jpg,35,25,0,8,2,0,2,37
frame_11668.jpg,33,25,0,6,2,0,2,35
frame_11672.jpg,29,22,0,6,1,0,2,31
frame_11676.jpg,29,22,0,6,1,0,2,31
frame_1168.jpg,42,35,1,4,2,0,3,45
frame_11680.jpg,29,21,0,7,1,0,2,31
frame_11684.jpg,29,19,1,8,1,0,1,30
frame_11688.jpg,31,22,0,9,0,0,1,32
frame_11692.jpg,34,24,0,9,1,0,1,35
frame_11696.jpg,37,26,0,10,1,0,1,38
frame_11700.jpg,36,27,0,8,1,0,1,37
frame_11704.jpg,34,23,1,9,1,0,1,35
frame_11708.jpg,33,24,0,8,1,0,1,34
frame_11712.jpg,31,22,0,8,1,0,1,32
frame_11716.jpg,35,22,0,12,1,0,1,36
frame_1172.jpg,43,35,1,3,4,0,1,44
frame_11720.jpg,32,19,0,11,2,0,2,34
frame_11724.jpg,37,25,1,9,2,0,2,39
frame_11728.jpg,37,28,0,7,2,0,2,39
frame_11732.jpg,34,24,0,8,2,0,2,36
frame_11736.jpg,37,27,0,8,2,0,2,39
frame_11740.jpg,41,32,1,6,2,0,2,43
frame_11744.jpg,40,30,1,7,2,0,2,42
frame_11748.jpg,38,30,1,6,1,0,2,40
frame_11752.jpg,37,28,1,7,1,0,2,39
frame_11756.jpg,38,30,0,8,0,0,2,40
frame_1176.jpg,38,33,0,2,3,0,3,41
frame_11760.jpg,36,26,1,9,0,0,2,38
frame_11764.jpg,32,24,0,8,0,0,2,34
frame_11768.jpg,31,20,0,11,0,0,1,32
frame_11772.jpg,33,23,0,10,0,0,1,34
frame_11776.jpg,33,22,0,11,0,0,2,35
frame_11780.jpg,34,24,0,10,0,0,2,36
frame_11784.jpg,34,22,0,12,0,0,2,36
frame_11788.jpg,42,27,0,14,1,0,2,44
frame_11792.jpg,38,26,0,11,1,0,2,40
frame_11796.jpg,38,25,1,11,1,0,2,40
frame_1180.jpg,45,37,0,5,3,0,1,46
frame_11800.jpg,32,22,0,10,0,0,2,34
frame_11804.jpg,31,21,0,9,1,0,2,33
frame_11808.jpg,25,19,0,6,0,0,2,27
frame_11812.jpg,30,24,0,6,0,0,3,33
frame_11816.jpg,29,24,0,5,0,0,2,31
frame_11820.jpg,26,21,0,5,0,0,1,27
frame_11824.jpg,32,26,0,6,0,0,2,34
frame_11828.jpg,33,28,0,5,0,0,2,35
frame_11832.jpg,32,25,0,7,0,0,2,34
frame_11836.jpg,28,22,0,6,0,0,1,29
frame_1184.jpg,44,40,0,2,2,0,3,47
frame_11840.jpg,30,23,0,7,0,0,1,31
frame_11844.jpg,30,23,0,7,0,0,2,32
frame_11848.jpg,31,22,0,9,0,0,2,33
frame_11852.jpg,29,20,0,9,0,0,2,31
frame_11856.jpg,30,21,0,8,1,0,1,31
frame_11860.jpg,27,17,0,10,0,0,2,29
frame_11864.jpg,26,17,0,9,0,0,2,28
frame_11868.jpg,24,17,0,7,0,0,2,26
frame_11872.jpg,25,18,0,7,0,0,2,27
frame_11876.jpg,26,18,0,8,0,0,2,28
frame_1188.jpg,42,37,0,2,3,0,2,44
frame_11880.jpg,25,18,0,7,0,0,2,27
frame_11884.jpg,32,25,0,6,1,0,2,34
frame_11888.jpg,27,22,0,5,0,0,2,29
frame_11892.jpg,31,25,0,6,0,0,2,33
frame_11896.jpg,24,18,0,5,1,0,1,25
frame_11900.jpg,26,20,0,6,0,0,1,27
frame_11904.jpg,23,19,0,4,0,0,1,24
frame_11908.jpg,24,17,0,7,0,0,1,25
frame_11912.jpg,23,17,0,6,0,0,2,25
frame_11916.jpg,26,18,0,8,0,0,2,28
frame_1192.jpg,42,35,0,4,3,0,2,44
frame_11920.jpg,30,21,0,9,0,0,2,32
frame_11924.jpg,29,19,0,10,0,0,2,31
frame_11928.jpg,31,19,0,12,0,0,2,33
frame_11932.jpg,32,21,0,11,0,0,2,34
frame_11936.jpg,33,23,0,10,0,0,2,35
frame_11940.jpg,30,23,0,7,0,0,2,32
frame_11944.jpg,32,25,0,7,0,0,2,34
frame_11948.jpg,30,23,0,7,0,0,1,31
frame_11952.jpg,32,24,0,8,0,0,1,33
frame_11956.jpg,29,21,0,8,0,0,1,30
frame_1196.jpg,43,38,0,3,2,0,3,46
frame_11960.jpg,27,19,0,8,0,0,1,28
frame_11964.jpg,34,26,0,8,0,0,2,36
frame_11968.jpg,34,27,0,7,0,0,2,36
frame_11972.jpg,36,27,0,9,0,0,2,38
frame_11976.jpg,33,24,0,8,1,0,2,35
frame_11980.jpg,33,25,0,8,0,0,2,35
frame_11984.jpg,35,24,0,11,0,0,2,37
frame_11988.jpg,32,19,0,12,1,0,1,33
frame_11992.jpg,32,21,0,11,0,0,2,34
frame_11996.jpg,31,21,0,9,1,0,2,33
frame_12.jpg,31,23,0,5,3,0,0,31
frame_120.jpg,35,23,0,11,1,0,1,36
frame_1200.jpg,42,36,0,4,2,0,2,44
frame_12000.jpg,34,24,0,9,1,0,1,35
frame_12004.jpg,35,25,1,8,1,0,2,37
frame_12008.jpg,32,23,0,8,1,0,1,33
frame_12012.jpg,34,24,0,9,1,0,2,36
frame_12016.jpg,32,24,0,7,1,0,2,34
frame_12020.jpg,36,26,0,9,1,0,2,38
frame_12024.jpg,36,26,0,9,1,0,2,38
frame_12028.jpg,37,25,0,10,2,0,2,39
frame_12032.jpg,29,20,0,9,0,0,1,30
frame_12036.jpg,24,16,0,8,0,0,1,25
frame_1204.jpg,42,34,1,4,3,0,1,43
frame_12040.jpg,23,14,0,9,0,0,0,23
frame_12044.jpg,29,20,0,9,0,0,0,29
frame_12048.jpg,29,19,0,10,0,0,1,30
frame_12052.jpg,27,17,0,9,1,0,0,27
frame_12056.jpg,26,16,1,9,0,0,0,26
frame_12060.jpg,27,19,0,8,0,0,0,27
frame_12064.jpg,26,19,0,7,0,0,1,27
frame_12068.jpg,32,22,0,10,0,0,1,33
frame_12072.jpg,24,18,0,6,0,0,1,25
frame_12076.jpg,30,20,0,10,0,0,1,31
frame_1208.jpg,40,34,0,3,3,0,1,41
frame_12080.jpg,29,22,0,7,0,0,0,29
frame_12084.jpg,25,17,0,8,0,0,0,25
frame_12088.jpg,26,19,0,7,0,0,0,26
frame_12092.jpg,30,23,0,7,0,0,1,31
frame_12096.jpg,25,16,0,8,1,0,1,26
frame_12100.jpg,29,21,0,8,0,0,1,30
frame_12104.jpg,30,22,1,7,0,0,1,31
frame_12108.jpg,29,20,0,9,0,0,1,30
frame_12112.jpg,25,17,0,8,0,0,0,25
frame_12116.jpg,30,22,0,8,0,0,1,31
frame_1212.jpg,43,35,1,5,2,0,1,44
frame_12120.jpg,29,19,0,10,0,0,2,31
frame_12124.jpg,31,23,0,8,0,0,2,33
frame_12128.jpg,31,23,0,8,0,0,2,33
frame_12132.jpg,36,29,0,7,0,0,1,37
frame_12136.jpg,36,30,1,5,0,0,1,37
frame_12140.jpg,33,29,0,4,0,0,1,34
frame_12144.jpg,28,21,0,5,2,0,1,29
frame_12148.jpg,31,26,0,4,1,0,2,33
frame_12152.jpg,28,23,0,5,0,0,1,29
frame_12156.jpg,29,25,0,4,0,0,2,31
frame_1216.jpg,41,34,1,5,1,0,2,43
frame_12160.jpg,32,27,0,5,0,0,2,34
frame_12164.jpg,33,27,0,6,0,0,2,35
frame_12168.jpg,33,28,0,5,0,0,2,35
frame_12172.jpg,30,25,0,5,0,0,2,32
frame_12176.jpg,28,22,0,6,0,0,2,30
frame_12180.jpg,31,25,0,6,0,0,3,34
frame_12184.jpg,28,24,0,3,1,0,2,30
frame_12188.jpg,29,24,0,4,1,0,1,30
frame_12192.jpg,31,25,2,3,1,0,1,32
frame_12196.jpg,28,23,0,5,0,0,1,29
frame_1220.jpg,47,38,1,4,4,0,3,50
frame_12200.jpg,28,23,1,4,0,0,1,29
frame_12204.jpg,30,24,1,5,0,0,2,32
frame_12208.jpg,32,28,2,2,0,0,2,34
frame_12212.jpg,33,25,2,5,1,0,2,35
frame_12216.jpg,31,22,0,8,1,0,0,31
frame_12220.jpg,29,23,1,5,0,0,2,31
frame_12224.jpg,26,20,0,6,0,0,1,27
frame_12228.jpg,31,22,1,7,1,0,0,31
frame_12232.jpg,31,24,1,5,1,0,1,32
frame_12236.jpg,34,27,0,5,2,0,0,34
frame_1224.jpg,40,34,0,5,1,0,3,43
frame_12240.jpg,32,21,1,8,2,0,1,33
frame_12244.jpg,34,24,1,7,2,0,0,34
frame_12248.jpg,36,28,1,5,2,0,0,36
frame_12252.jpg,31,24,0,7,0,0,0,31
frame_12256.jpg,31,24,0,6,1,0,0,31
frame_12260.jpg,31,25,1,4,1,0,1,32
frame_12264.jpg,26,20,1,4,1,0,1,27
frame_12268.jpg,27,21,1,3,2,0,1,28
frame_12272.jpg,27,22,1,3,1,0,1,28
frame_12276.jpg,24,20,0,3,1,0,1,25
frame_1228.jpg,43,33,0,7,3,0,2,45
frame_12280.jpg,25,22,0,3,0,0,0,25
frame_12284.jpg,24,19,0,5,0,0,1,25
frame_12288.jpg,25,20,1,4,0,0,1,26
frame_12292.jpg,23,18,0,5,0,0,1,24
frame_12296.jpg,24,22,0,2,0,0,1,25
frame_12300.jpg,26,22,0,4,0,0,1,27
frame_12304.jpg,26,20,1,5,0,0,1,27
frame_12308.jpg,33,23,0,9,1,0,1,34
frame_12312.jpg,36,23,1,12,0,0,1,37
frame_12316.jpg,31,20,1,10,0,0,0,31
frame_1232.jpg,37,30,0,6,1,0,1,38
frame_12320.jpg,30,19,0,10,1,0,1,31
frame_12324.jpg,29,19,0,9,1,0,1,30
frame_12328.jpg,32,21,1,9,1,0,1,33
frame_12332.jpg,30,22,1,7,0,0,1,31
frame_12336.jpg,26,19,0,7,0,0,1,27
frame_12340.jpg,24,15,2,6,1,0,1,25
frame_12344.jpg,25,19,0,6,0,0,1,26
frame_12348.jpg,32,22,0,9,1,0,1,33
frame_12352.jpg,27,18,0,8,1,0,1,28
frame_12356.jpg,31,23,0,8,0,0,1,32
frame_1236.jpg,41,33,0,6,2,0,1,42
frame_12360.jpg,31,24,0,7,0,0,0,31
frame_12364.jpg,25,20,0,5,0,0,0,25
frame_12368.jpg,29,24,0,5,0,0,0,29
frame_12372.jpg,32,27,0,3,2,0,1,33
frame_12376.jpg,29,23,0,5,1,0,0,29
frame_12380.jpg,32,26,0,5,1,0,0,32
frame_12384.jpg,35,29,0,5,1,0,1,36
frame_12388.jpg,35,27,0,6,2,0,1,36
frame_12392.jpg,32,25,0,6,1,0,1,33
frame_12396.jpg,32,25,0,6,1,0,1,33
frame_124.jpg,36,26,0,9,1,0,1,37
frame_1240.jpg,42,36,0,4,2,0,1,43
frame_12400.jpg,33,25,0,7,1,0,0,33
frame_12404.jpg,34,24,0,9,1,0,0,34
frame_12408.jpg,31,21,0,10,0,0,0,31
frame_12412.jpg,30,18,1,10,1,0,1,31
frame_12416.jpg,33,23,0,9,1,0,0,33
frame_12420.jpg,35,24,0,10,1,0,0,35
frame_12424.jpg,35,24,0,11,0,0,1,36
frame_12428.jpg,35,22,1,12,0,0,0,35
frame_12432.jpg,29,21,0,8,0,0,1,30
frame_12436.jpg,34,26,0,7,1,0,1,35
frame_1244.jpg,41,34,0,6,1,0,1,42
frame_12440.jpg,35,27,0,8,0,0,1,36
frame_12444.jpg,35,27,0,8,0,0,0,35
frame_12448.jpg,31,25,0,6,0,0,1,32
frame_12452.jpg,31,25,0,6,0,0,3,34
frame_12456.jpg,31,24,0,7,0,0,0,31
frame_12460.jpg,31,23,0,7,1,0,1,32
frame_12464.jpg,27,23,0,4,0,0,2,29
frame_12468.jpg,27,22,0,5,0,0,2,29
frame_12472.jpg,29,20,1,7,1,0,1,30
frame_12476.jpg,28,19,0,8,1,0,1,29
frame_1248.jpg,38,32,0,6,0,0,1,39
frame_12480.jpg,32,23,0,8,1,0,2,34
frame_12484.jpg,27,20,0,6,1,0,1,28
frame_12488.jpg,27,21,0,6,0,0,2,29
frame_12492.jpg,30,21,1,7,1,0,1,31
frame_12496.jpg,26,19,0,6,1,0,0,26
frame_12500.jpg,32,24,2,5,1,0,2,34
frame_12504.jpg,30,20,1,7,2,0,1,31
frame_12508.jpg,34,22,1,10,1,0,2,36
frame_12512.jpg,31,23,0,8,0,0,1,32
frame_12516.jpg,28,15,0,12,1,0,1,29
frame_1252.jpg,40,32,0,6,2,0,1,41
frame_12520.jpg,32,21,0,11,0,0,1,33
frame_12524.jpg,30,19,0,11,0,0,1,31
frame_12528.jpg,29,22,0,7,0,0,1,30
frame_12532.jpg,28,21,0,5,2,0,2,30
frame_12536.jpg,23,16,0,7,0,0,2,25
frame_12540.jpg,26,17,0,9,0,0,1,27
frame_12544.jpg,28,18,0,9,1,0,1,29
frame_12548.jpg,28,17,0,11,0,0,1,29
frame_12552.jpg,26,15,0,10,1,0,1,27
frame_12556.jpg,30,17,0,13,0,0,1,31
frame_1256.jpg,42,34,0,6,2,0,1,43
frame_12560.jpg,29,18,0,11,0,0,1,30
frame_12564.jpg,31,16,0,14,1,0,0,31
frame_12568.jpg,36,21,0,14,1,0,1,37
frame_12572.jpg,32,20,0,11,1,0,0,32
frame_12576.jpg,32,20,0,12,0,0,0,32
frame_12580.jpg,28,19,0,9,0,0,0,28
frame_12584.jpg,32,20,0,12,0,0,1,33
frame_12588.jpg,30,22,0,8,0,0,1,31
frame_12592.jpg,33,23,0,9,1,0,0,33
frame_12596.jpg,34,22,1,11,0,0,1,35
frame_1260.jpg,42,34,0,5,3,0,1,43
frame_12600.jpg,33,22,0,10,1,0,1,34
frame_12604.jpg,33,23,0,9,1,0,2,35
frame_12608.jpg,28,21,1,6,0,0,2,30
frame_12612.jpg,35,26,1,7,1,0,2,37
frame_12616.jpg,36,25,1,9,1,0,2,38
frame_12620.jpg,36,28,1,6,1,0,2,38
frame_12624.jpg,34,27,0,6,1,0,2,36
frame_12628.jpg,35,30,0,4,1,0,2,37
frame_12632.jpg,35,24,0,11,0,0,2,37
frame_12636.jpg,29,23,0,6,0,0,2,31
frame_1264.jpg,41,33,0,5,3,0,3,44
frame_12640.jpg,31,24,0,7,0,0,2,33
frame_12644.jpg,34,27,0,7,0,0,2,36
frame_12648.jpg,34,25,0,9,0,0,2,36
frame_12652.jpg,33,26,0,7,0,0,2,35
frame_12656.jpg,33,25,0,7,1,0,2,35
frame_12660.jpg,31,22,0,8,1,0,2,33
frame_12664.jpg,32,23,0,8,1,0,2,34
frame_12668.jpg,31,22,0,8,1,0,2,33
frame_12672.jpg,26,20,0,6,0,0,2,28
frame_12676.jpg,31,25,0,6,0,0,1,32
frame_1268.jpg,37,31,0,5,1,0,1,38
frame_12680.jpg,27,22,0,5,0,0,1,28
frame_12684.jpg,32,26,0,6,0,0,3,35
frame_12688.jpg,37,31,0,6,0,0,3,40
frame_12692.jpg,32,26,0,6,0,0,2,34
frame_12696.jpg,32,24,1,7,0,0,1,33
frame_12700.jpg,34,23,1,9,1,0,2,36
frame_12704.jpg,31,24,0,7,0,0,1,32
frame_12708.jpg,31,23,0,8,0,0,1,32
frame_12712.jpg,35,26,0,9,0,0,2,37
frame_12716.jpg,34,26,0,8,0,0,2,36
frame_1272.jpg,39,31,0,5,3,0,1,40
frame_12720.jpg,35,26,0,9,0,0,1,36
frame_12724.jpg,31,23,0,7,1,0,1,32
frame_12728.jpg,32,25,0,7,0,0,1,33
frame_12732.jpg,27,18,0,8,1,0,1,28
frame_12736.jpg,33,22,0,8,3,0,0,33
frame_12740.jpg,28,20,0,8,0,0,0,28
frame_12744.jpg,28,18,0,8,2,0,1,29
frame_12748.jpg,30,19,0,9,2,0,1,31
frame_12752.jpg,29,21,0,7,1,0,1,30
frame_12756.jpg,33,22,0,9,2,0,1,34
frame_1276.jpg,39,31,0,7,1,0,1,40
frame_12760.jpg,34,22,0,9,3,0,1,35
frame_12764.jpg,35,25,1,8,1,0,1,36
frame_12768.jpg,34,23,0,9,2,0,1,35
frame_12772.jpg,34,23,0,10,1,0,1,35
frame_12776.jpg,30,19,0,8,3,0,1,31
frame_12780.jpg,31,20,1,9,1,0,1,32
frame_12784.jpg,29,18,0,10,1,0,1,30
frame_12788.jpg,29,19,0,9,1,0,0,29
frame_12792.jpg,28,19,0,8,1,0,1,29
frame_12796.jpg,34,21,1,10,2,0,0,34
frame_128.jpg,35,26,0,8,1,0,1,36
frame_1280.jpg,39,31,0,7,1,0,0,39
frame_1284.jpg,42,32,0,9,1,0,0,42
frame_1288.jpg,39,29,0,8,2,0,0,39
frame_1292.jpg,39,28,0,10,1,0,0,39
frame_1296.jpg,39,27,0,10,2,0,1,40
frame_1300.jpg,38,26,0,10,2,0,1,39
frame_1304.jpg,40,31,0,8,1,0,1,41
frame_1308.jpg,38,30,0,7,1,0,1,39
frame_1312.jpg,36,25,0,11,0,0,1,37
frame_1316.jpg,35,26,0,9,0,0,1,36
frame_132.jpg,38,30,0,7,1,0,1,39
frame_1320.jpg,38,30,0,8,0,0,0,38
frame_1324.jpg,34,26,0,8,0,0,1,35
frame_1328.jpg,35,26,0,9,0,0,1,36
frame_1332.jpg,31,24,0,7,0,0,0,31
frame_1336.jpg,37,27,0,10,0,0,0,37
frame_1340.jpg,37,25,0,11,1,0,1,38
frame_1344.jpg,36,27,0,9,0,0,0,36
frame_1348.jpg,36,31,0,5,0,0,0,36
frame_1352.jpg,38,29,0,9,0,0,0,38
frame_1356.jpg,35,28,0,7,0,0,1,36
frame_136.jpg,41,32,0,7,2,0,1,42
frame_1360.jpg,37,26,0,11,0,0,0,37
frame_1364.jpg,31,22,0,9,0,0,0,31
frame_1368.jpg,31,22,0,9,0,0,1,32
frame_1372.jpg,36,27,0,9,0,0,3,39
frame_1376.jpg,44,35,0,8,1,0,2,46
frame_1380.jpg,43,34,0,8,1,0,3,46
frame_1384.jpg,42,34,0,7,1,0,2,44
frame_1388.jpg,39,32,0,7,0,0,3,42
frame_1392.jpg,40,34,0,6,0,0,2,42
frame_1396.jpg,41,33,1,7,0,0,2,43
frame_14.jpg,35,25,0,9,1,0,2,37
frame_140.jpg,41,30,0,9,2,0,1,42
frame_1400.jpg,43,36,0,7,0,0,1,44
frame_1404.jpg,41,35,0,6,0,0,3,44
frame_1408.jpg,42,35,0,7,0,0,5,47
frame_1412.jpg,43,34,1,7,1,0,2,45
frame_1416.jpg,41,33,0,7,1,0,2,43
frame_1420.jpg,39,31,0,7,1,0,2,41
frame_1424.jpg,41,30,0,10,1,0,1,42
frame_1428.jpg,41,32,0,8,1,0,0,41
frame_1432.jpg,39,29,0,8,2,0,1,40
frame_1436.jpg,38,28,0,9,1,0,1,39
frame_144.jpg,31,23,0,7,1,0,1,32
frame_1440.jpg,39,28,1,10,0,0,1,40
frame_1444.jpg,36,25,0,11,0,0,2,38
frame_1448.jpg,38,26,0,10,2,0,1,39
frame_1452.jpg,37,27,0,7,3,0,2,39
frame_1456.jpg,40,29,0,8,3,0,2,42
frame_1460.jpg,37,25,0,10,2,0,0,37
frame_1464.jpg,37,26,0,8,3,0,0,37
frame_1468.jpg,39,25,0,11,3,0,1,40
frame_1472.jpg,34,22,0,9,3,0,4,38
frame_1476.jpg,37,24,0,10,3,0,2,39
frame_148.jpg,41,35,0,5,1,0,1,42
frame_1480.jpg,36,20,0,10,6,0,3,39
frame_1484.jpg,36,22,0,11,3,0,3,39
frame_1488.jpg,37,24,0,11,2,0,3,40
frame_1492.jpg,34,21,0,12,1,0,4,38
frame_1496.jpg,40,27,0,13,0,0,4,44
frame_1500.jpg,42,28,0,13,1,0,4,46
frame_1504.jpg,39,26,0,13,0,0,4,43
frame_1508.jpg,39,26,0,12,1,0,4,43
frame_1512.jpg,38,22,0,15,1,0,3,41
frame_1516.jpg,37,21,0,15,1,0,2,39
frame_152.jpg,41,34,0,5,2,0,2,43
frame_1520.jpg,36,22,0,14,0,0,2,38
frame_1524.jpg,37,23,0,13,1,0,2,39
frame_1528.jpg,35,22,0,13,0,0,2,37
frame_1532.jpg,30,18,0,12,0,0,2,32
frame_1536.jpg,31,17,0,14,0,0,2,33
frame_1540.jpg,34,21,0,13,0,0,2,36
frame_1544.jpg,31,19,0,12,0,0,2,33
frame_1548.jpg,29,19,0,10,0,0,2,31
frame_1552.jpg,28,17,0,11,0,0,1,29
frame_1556.jpg,28,17,0,11,0,0,0,28
frame_156.jpg,42,35,0,5,2,0,1,43
frame_1560.jpg,30,19,0,11,0,0,0,30
frame_1564.jpg,28,17,0,11,0,0,1,29
frame_1568.jpg,28,16,0,12,0,0,1,29
frame_1572.jpg,31,19,0,12,0,0,2,33
frame_1576.jpg,30,18,0,12,0,0,2,32
frame_1580.jpg,30,19,0,11,0,0,1,31
frame_1584.jpg,31,19,0,12,0,0,1,32
frame_1588.jpg,30,19,0,11,0,0,1,31
frame_1592.jpg,28,18,0,9,1,0,1,29
frame_1596.jpg,30,21,0,9,0,0,1,31
frame_16.jpg,36,29,1,3,3,0,0,36
frame_160.jpg,45,32,2,10,1,0,2,47
frame_1600.jpg,30,20,0,9,1,0,1,31
frame_1604.jpg,34,24,0,8,2,0,0,34
frame_1608.jpg,34,24,0,10,0,0,1,35
frame_1612.jpg,30,21,0,9,0,0,1,31
frame_1616.jpg,35,24,0,10,1,0,1,36
frame_1620.jpg,28,18,0,10,0,0,1,29
frame_1624.jpg,32,22,1,9,0,0,2,34
frame_1628.jpg,28,19,0,9,0,0,1,29
frame_1632.jpg,32,20,0,10,2,0,1,33
frame_1636.jpg,33,20,1,11,1,0,1,34
frame_164.jpg,39,29,0,9,1,0,1,40
frame_1640.jpg,32,21,1,9,1,0,2,34
frame_1644.jpg,35,25,0,10,0,0,2,37
frame_1648.jpg,34,21,0,12,1,0,1,35
frame_1652.jpg,38,26,0,12,0,0,1,39
frame_1656.jpg,36,23,1,12,0,0,1,37
frame_1660.jpg,35,23,0,12,0,0,1,36
frame_1664.jpg,32,21,1,10,0,0,1,33
frame_1668.jpg,27,16,0,11,0,0,1,28
frame_1672.jpg,28,17,0,11,0,0,1,29
frame_1676.jpg,26,15,0,11,0,0,1,27
frame_168.jpg,40,30,0,9,1,0,1,41
frame_1680.jpg,25,14,0,11,0,0,2,27
frame_1684.jpg,28,17,0,11,0,0,1,29
frame_1688.jpg,32,20,0,12,0,0,1,33
frame_1692.jpg,34,24,0,10,0,0,1,35
frame_1696.jpg,33,22,0,11,0,0,1,34
frame_1700.jpg,37,26,0,11,0,0,1,38
frame_1704.jpg,37,25,0,12,0,0,1,38
frame_1708.jpg,39,27,0,12,0,0,1,40
frame_1712.jpg,40,27,0,13,0,0,1,41
frame_1716.jpg,35,23,0,11,1,0,2,37
frame_172.jpg,43,35,1,5,2,0,2,45
frame_1720.jpg,38,26,1,10,1,0,1,39
frame_1724.jpg,38,26,0,11,1,0,1,39
frame_1728.jpg,41,29,0,12,0,0,1,42
frame_1732.jpg,37,24,1,11,1,0,0,37
frame_1736.jpg,35,22,1,12,0,0,2,37
frame_1740.jpg,37,25,1,11,0,0,1,38
frame_1744.jpg,37,24,1,11,1,0,1,38
frame_1748.jpg,36,24,0,11,1,0,1,37
frame_1752.jpg,35,22,0,13,0,0,1,36
frame_1756.jpg,35,21,0,12,2,0,1,36
frame_176.jpg,41,30,2,8,1,0,3,44
frame_1760.jpg,33,22,0,11,0,0,1,34
frame_1764.jpg,37,26,0,11,0,0,1,38
frame_1768.jpg,35,24,0,11,0,0,1,36
frame_1772.jpg,36,23,0,13,0,0,0,36
frame_1776.jpg,38,25,0,12,1,0,0,38
frame_1780.jpg,35,23,0,11,1,0,1,36
frame_1784.jpg,39,24,0,14,1,0,0,39
frame_1788.jpg,40,26,1,13,0,0,1,41
frame_1792.jpg,39,28,0,10,1,0,1,40
frame_1796.jpg,39,28,0,9,2,0,2,41
frame_18.jpg,32,24,0,7,1,0,1,33
frame_180.jpg,44,32,1,10,1,0,2,46
frame_1800.jpg,41,30,0,10,1,0,2,43
frame_1804.jpg,36,26,0,9,1,0,1,37
frame_1808.jpg,41,29,0,11,1,0,2,43
frame_1812.jpg,37,26,0,10,1,0,1,38
frame_1816.jpg,37,27,0,9,1,0,0,37
frame_1820.jpg,36,24,0,11,1,0,2,38
frame_1824.jpg,40,26,0,13,1,0,2,42
frame_1828.jpg,40,26,0,13,1,0,2,42
frame_1832.jpg,40,28,0,11,1,0,2,42
frame_1836.jpg,42,29,0,12,1,0,2,44
frame_184.jpg,37,27,2,6,2,0,1,38
frame_1840.jpg,35,23,0,11,1,0,1,36
frame_1844.jpg,39,29,0,9,1,0,1,40
frame_1848.jpg,39,30,0,8,1,0,1,40
frame_1852.jpg,41,31,0,9,1,0,1,42
frame_1856.jpg,44,34,0,9,1,0,1,45
frame_1860.jpg,41,30,0,10,1,0,1,42
frame_1864.jpg,39,28,0,10,1,0,1,40
frame_1868.jpg,45,32,0,12,1,0,1,46
frame_1872.jpg,40,29,0,10,1,0,1,41
frame_1876.jpg,42,32,0,9,1,0,2,44
frame_188.jpg,32,22,1,7,2,0,3,35
frame_1880.jpg,46,34,0,11,1,0,2,48
frame_1884.jpg,46,36,0,9,1,0,1,47
frame_1888.jpg,46,34,1,9,2,0,2,48
frame_1892.jpg,45,34,1,9,1,0,2,47
frame_1896.jpg,40,30,0,9,1,0,1,41
frame_1900.jpg,45,32,0,12,1,0,1,46
frame_1904.jpg,39,27,0,11,1,0,1,40
frame_1908.jpg,41,29,0,11,1,0,1,42
frame_1912.jpg,39,28,0,10,1,0,1,40
frame_1916.jpg,38,28,0,9,1,0,1,39
frame_192.jpg,36,28,1,6,1,0,2,38
frame_1920.jpg,38,29,0,8,1,0,1,39
frame_1924.jpg,34,23,0,10,1,0,2,36
frame_1928.jpg,37,26,0,10,1,0,1,38
frame_1932.jpg,35,24,0,10,1,0,2,37
frame_1936.jpg,40,28,0,11,1,0,2,42
frame_1940.jpg,40,29,0,10,1,0,1,41
frame_1944.jpg,35,25,0,9,1,0,1,36
frame_1948.jpg,34,25,0,8,1,0,0,34
frame_1952.jpg,39,28,0,9,2,0,1,40
frame_1956.jpg,35,25,0,9,1,0,0,35
frame_196.jpg,45,35,2,7,1,0,2,47
frame_1960.jpg,29,20,0,8,1,0,0,29
frame_1964.jpg,30,20,0,9,1,0,1,31
frame_1968.jpg,33,22,0,10,1,0,0,33
frame_1972.jpg,33,23,0,9,1,0,1,34
frame_1976.jpg,39,26,0,12,1,0,1,40
frame_1980.jpg,34,22,0,11,1,0,0,34
frame_1984.jpg,32,21,0,10,1,0,0,32
frame_1988.jpg,32,23,0,8,1,0,0,32
frame_1992.jpg,29,22,0,6,1,0,0,29
frame_1996.jpg,30,22,0,7,1,0,1,31
frame_20.jpg,30,22,0,7,1,0,1,31
frame_200.jpg,39,28,0,8,3,0,0,39
frame_2000.jpg,35,32,0,2,1,0,1,36
frame_2004.jpg,33,29,1,2,1,0,1,34
frame_2008.jpg,29,27,0,1,1,0,1,30
frame_2012.jpg,28,25,0,1,2,0,1,29
frame_2016.jpg,27,25,0,1,1,0,1,28
frame_2020.jpg,33,32,0,1,0,0,1,34
frame_2024.jpg,29,27,0,2,0,0,1,30
frame_2028.jpg,33,31,0,2,0,0,1,34
frame_2032.jpg,31,30,0,1,0,0,1,32
frame_2036.jpg,33,29,1,2,1,0,1,34
frame_204.jpg,33,23,0,6,4,0,0,33
frame_2040.jpg,33,31,0,2,0,0,1,34
frame_2044.jpg,31,28,1,1,1,0,1,32
frame_2048.jpg,35,34,0,1,0,0,1,36
frame_2052.jpg,29,28,0,1,0,0,0,29
frame_2056.jpg,29,28,0,1,0,0,0,29
frame_2060.jpg,30,28,1,1,0,0,0,30
frame_2064.jpg,32,30,1,1,0,0,0,32
frame_2068.jpg,35,33,1,1,0,0,0,35
frame_2072.jpg,34,31,1,1,1,0,0,34
frame_2076.jpg,30,29,0,1,0,0,0,30
frame_208.jpg,33,24,0,5,4,0,0,33
frame_2080.jpg,25,23,1,1,0,0,0,25
frame_2084.jpg,25,23,0,2,0,0,0,25
frame_2088.jpg,25,24,0,1,0,0,0,25
frame_2092.jpg,28,25,0,3,0,0,0,28
frame_2096.jpg,29,27,0,2,0,0,0,29
frame_2100.jpg,27,19,0,8,0,0,0,27
frame_21000.jpg,28,18,0,7,3,0,0,28
frame_21004.jpg,29,16,1,8,4,0,0,29
frame_21008.jpg,25,18,0,6,1,0,0,25
frame_21012.jpg,26,18,0,6,2,0,0,26
frame_21016.jpg,23,16,0,6,1,0,0,23
frame_21020.jpg,26,19,0,6,1,0,0,26
frame_21024.jpg,26,19,0,6,1,0,0,26
frame_21028.jpg,22,15,0,6,1,0,0,22
frame_21032.jpg,23,16,0,6,1,0,0,23
frame_21036.jpg,25,18,0,6,1,0,0,25
frame_2104.jpg,27,19,0,7,1,0,0,27
frame_21040.jpg,24,15,0,8,1,0,0,24
frame_21044.jpg,25,17,0,7,1,0,0,25
frame_21048.jpg,29,20,0,8,1,0,0,29
frame_21052.jpg,28,18,0,9,1,0,0,28
frame_21056.jpg,24,17,0,6,1,0,0,24
frame_21060.jpg,23,16,0,6,1,0,0,23
frame_21064.jpg,21,14,0,6,1,0,0,21
frame_21068.jpg,20,12,0,7,1,0,0,20
frame_21072.jpg,22,13,0,8,1,0,0,22
frame_21076.jpg,21,12,0,8,1,0,0,21
frame_2108.jpg,30,21,0,7,2,0,0,30
frame_21080.jpg,19,12,0,6,1,0,0,19
frame_21084.jpg,24,16,0,7,1,0,0,24
frame_21088.jpg,21,14,0,6,1,0,0,21
frame_21092.jpg,19,11,0,7,1,0,0,19
frame_21096.jpg,18,11,0,6,1,0,0,18
frame_21100.jpg,19,13,0,5,1,0,0,19
frame_21104.jpg,21,15,0,5,1,0,0,21
frame_21108.jpg,21,14,0,6,1,0,0,21
frame_21112.jpg,22,16,0,5,1,0,0,22
frame_21116.jpg,25,18,0,6,1,0,0,25
frame_2112.jpg,30,21,0,7,2,0,0,30
frame_21120.jpg,25,19,0,5,1,0,0,25
frame_21124.jpg,24,18,0,5,1,0,0,24
frame_21128.jpg,25,19,0,5,1,0,0,25
frame_21132.jpg,26,20,0,5,1,0,0,26
frame_21136.jpg,21,15,0,4,2,0,0,21
frame_21140.jpg,21,15,0,5,1,0,0,21
frame_21144.jpg,19,14,0,5,0,0,0,19
frame_21148.jpg,28,21,0,6,1,0,1,29
frame_21152.jpg,27,20,0,5,2,0,0,27
frame_21156.jpg,24,19,0,4,1,0,1,25
frame_2116.jpg,29,17,0,11,1,0,0,29
frame_21160.jpg,24,18,0,4,2,0,1,25
frame_21164.jpg,21,13,0,6,2,0,1,22
frame_21168.jpg,22,15,0,6,1,0,0,22
frame_21172.jpg,22,16,0,6,0,0,1,23
frame_21176.jpg,20,14,0,6,0,0,1,21
frame_21180.jpg,18,12,0,6,0,0,1,19
frame_21184.jpg,20,13,0,7,0,0,0,20
frame_21188.jpg,22,15,0,7,0,0,1,23
frame_21192.jpg,21,15,0,6,0,0,0,21
frame_21196.jpg,18,10,0,8,0,0,1,19
frame_212.jpg,29,20,0,8,1,0,1,30
frame_2120.jpg,28,18,0,9,1,0,0,28
frame_21200.jpg,21,10,0,9,2,0,1,22
frame_21204.jpg,20,10,0,8,2,0,0,20
frame_21208.jpg,21,14,0,7,0,0,0,21
frame_21212.jpg,21,13,0,6,2,0,0,21
frame_21216.jpg,20,12,0,7,1,0,0,20
frame_21220.jpg,23,16,0,7,0,0,0,23
frame_21224.jpg,24,14,0,10,0,0,0,24
frame_21228.jpg,23,14,0,8,1,0,0,23
frame_21232.jpg,24,15,0,8,1,0,0,24
frame_21236.jpg,29,17,0,10,2,0,0,29
frame_2124.jpg,31,20,0,10,1,0,0,31
frame_21240.jpg,30,17,0,11,2,0,0,30
frame_21244.jpg,31,18,1,11,1,0,0,31
frame_21248.jpg,24,15,0,9,0,0,0,24
frame_21252.jpg,26,15,0,10,1,0,0,26
frame_21256.jpg,25,17,0,7,1,0,0,25
frame_21260.jpg,25,16,0,8,1,0,0,25
frame_21264.jpg,26,18,0,8,0,0,0,26
frame_21268.jpg,27,17,0,8,2,0,0,27
frame_21272.jpg,31,21,0,9,1,0,0,31
frame_21276.jpg,21,12,0,9,0,0,0,21
frame_2128.jpg,26,17,0,8,1,0,0,26
frame_21280.jpg,23,15,0,8,0,0,0,23
frame_21284.jpg,20,12,0,8,0,0,0,20
frame_21288.jpg,23,14,0,9,0,0,0,23
frame_21292.jpg,23,14,0,9,0,0,0,23
frame_21296.jpg,25,17,0,8,0,0,0,25
frame_21300.jpg,26,17,0,8,1,0,0,26
frame_21304.jpg,28,18,0,9,1,0,0,28
frame_21308.jpg,27,17,0,9,1,0,0,27
frame_21312.jpg,24,18,0,6,0,0,0,24
frame_21316.jpg,24,17,0,7,0,0,0,24
frame_2132.jpg,27,16,0,10,1,0,0,27
frame_21320.jpg,27,19,0,7,1,0,0,27
frame_21324.jpg,28,19,0,9,0,0,0,28
frame_21328.jpg,24,16,0,7,1,0,0,24
frame_21332.jpg,22,15,0,7,0,0,0,22
frame_21336.jpg,23,16,0,7,0,0,0,23
frame_21340.jpg,26,19,0,7,0,0,0,26
frame_21344.jpg,26,18,0,7,1,0,0,26
frame_21348.jpg,25,18,0,7,0,0,0,25
frame_21352.jpg,25,17,0,8,0,0,0,25
frame_21356.jpg,25,16,0,9,0,0,0,25
frame_2136.jpg,32,21,0,10,1,0,0,32
frame_21360.jpg,20,13,0,7,0,0,0,20
frame_21364.jpg,24,16,0,8,0,0,0,24
frame_21368.jpg,25,17,0,8,0,0,0,25
frame_21372.jpg,21,13,0,8,0,0,0,21
frame_21376.jpg,20,11,0,8,1,0,0,20
frame_21380.jpg,21,13,0,8,0,0,0,21
frame_21384.jpg,26,18,0,8,0,0,0,26
frame_21388.jpg,23,15,0,8,0,0,0,23
frame_21392.jpg,26,18,0,8,0,0,0,26
frame_21396.jpg,27,18,1,8,0,0,0,27
frame_2140.jpg,30,19,0,10,1,0,1,31
frame_21400.jpg,27,18,1,8,0,0,0,27
frame_21404.jpg,27,20,0,7,0,0,0,27
frame_21408.jpg,28,20,0,8,0,0,0,28
frame_21412.jpg,29,21,0,8,0,0,0,29
frame_21416.jpg,32,24,0,8,0,0,0,32
frame_21420.jpg,31,22,1,8,0,0,0,31
frame_21424.jpg,28,20,0,8,0,0,0,28
frame_21428.jpg,26,20,0,6,0,0,0,26
frame_21432.jpg,28,21,1,6,0,0,1,29
frame_21436.jpg,27,20,0,7,0,0,0,27
frame_2144.jpg,30,19,0,10,1,0,0,30
frame_21440.jpg,25,18,0,7,0,0,0,25
frame_21444.jpg,28,21,0,7,0,0,0,28
frame_21448.jpg,26,19,0,7,0,0,0,26
frame_21452.jpg,25,18,0,7,0,0,0,25
frame_21456.jpg,31,23,1,7,0,0,0,31
frame_21460.jpg,31,23,0,8,0,0,0,31
frame_21464.jpg,32,24,0,8,0,0,0,32
frame_21468.jpg,29,21,0,8,0,0,0,29
frame_21472.jpg,34,25,1,7,1,0,0,34
frame_21476.jpg,31,23,0,7,1,0,0,31
frame_2148.jpg,32,19,0,12,1,0,0,32
frame_21480.jpg,27,20,0,7,0,0,0,27
frame_21484.jpg,29,20,0,7,2,0,0,29
frame_21488.jpg,31,22,0,8,1,0,0,31
frame_21492.jpg,29,20,0,8,1,0,0,29
frame_21496.jpg,26,17,0,8,1,0,0,26
frame_21500.jpg,25,14,1,9,1,0,0,25
frame_21504.jpg,30,19,0,9,2,0,0,30
frame_21508.jpg,27,16,0,9,2,0,0,27
frame_21512.jpg,27,17,0,9,1,0,0,27
frame_21516.jpg,27,17,0,9,1,0,0,27
frame_2152.jpg,31,17,0,13,1,0,0,31
frame_21520.jpg,25,15,0,8,2,0,0,25
frame_21524.jpg,27,19,0,7,1,0,0,27
frame_21528.jpg,25,18,0,7,0,0,0,25
frame_21532.jpg,27,18,0,8,1,0,0,27
frame_21536.jpg,29,18,0,10,1,0,0,29
frame_21540.jpg,31,21,0,8,2,0,0,31
frame_21544.jpg,24,18,0,5,1,0,0,24
frame_21548.jpg,24,19,0,4,1,0,0,24
frame_21552.jpg,18,13,0,5,0,0,0,18
frame_21556.jpg,24,20,0,4,0,0,0,24
frame_2156.jpg,29,16,0,12,1,0,0,29
frame_21560.jpg,23,15,0,6,2,0,0,23
frame_21564.jpg,25,19,0,5,1,0,0,25
frame_21568.jpg,24,18,0,5,1,0,0,24
frame_21572.jpg,23,18,0,5,0,0,0,23
frame_21576.jpg,26,21,0,5,0,0,0,26
frame_21580.jpg,28,22,0,6,0,0,0,28
frame_21584.jpg,28,22,0,6,0,0,0,28
frame_21588.jpg,30,24,0,6,0,0,0,30
frame_21592.jpg,28,22,0,6,0,0,0,28
frame_21596.jpg,30,23,1,6,0,0,0,30
frame_216.jpg,27,19,0,6,2,0,0,27
frame_2160.jpg,31,20,0,10,1,0,0,31
frame_21600.jpg,27,23,0,4,0,0,0,27
frame_21604.jpg,31,26,0,5,0,0,1,32
frame_21608.jpg,31,26,0,5,0,0,1,32
frame_21612.jpg,27,22,1,3,1,0,1,28
frame_21616.jpg,29,21,0,7,1,0,1,30
frame_21620.jpg,30,24,0,5,1,0,0,30
frame_21624.jpg,29,25,0,4,0,0,0,29
frame_21628.jpg,34,28,0,6,0,0,0,34
frame_21632.jpg,28,21,0,7,0,0,0,28
frame_21636.jpg,28,23,0,5,0,0,0,28
frame_2164.jpg,32,21,0,10,1,0,0,32
frame_21640.jpg,28,22,0,6,0,0,0,28
frame_21644.jpg,31,24,0,7,0,0,0,31
frame_21648.jpg,31,25,0,6,0,0,1,32
frame_21652.jpg,29,23,0,6,0,0,0,29
frame_21656.jpg,26,19,0,7,0,0,0,26
frame_21660.jpg,25,21,0,4,0,0,0,25
frame_21664.jpg,26,21,0,5,0,0,0,26
frame_21668.jpg,25,18,0,6,1,0,0,25
frame_21672.jpg,24,18,0,6,0,0,1,25
frame_21676.jpg,27,20,0,7,0,0,1,28
frame_2168.jpg,30,20,0,9,1,0,0,30
frame_21680.jpg,26,20,0,6,0,0,0,26
frame_21684.jpg,24,18,0,6,0,0,0,24
frame_21688.jpg,23,16,0,6,1,0,0,23
frame_21692.jpg,27,20,0,7,0,0,0,27
frame_21696.jpg,26,21,0,5,0,0,0,26
frame_21700.jpg,25,19,0,6,0,0,1,26
frame_21704.jpg,25,19,0,6,0,0,0,25
frame_21708.jpg,26,20,0,6,0,0,0,26
frame_21712.jpg,25,19,0,6,0,0,0,25
frame_21716.jpg,22,17,0,5,0,0,0,22
frame_2172.jpg,31,20,0,10,1,0,0,31
frame_21720.jpg,24,19,0,5,0,0,0,24
frame_21724.jpg,26,21,0,5,0,0,0,26
frame_21728.jpg,24,19,0,5,0,0,1,25
frame_21732.jpg,22,18,0,4,0,0,0,22
frame_21736.jpg,23,18,0,5,0,0,1,24
frame_21740.jpg,27,22,0,5,0,0,0,27
frame_21744.jpg,23,16,1,6,0,0,0,23
frame_21748.jpg,30,21,0,9,0,0,0,30
frame_21752.jpg,26,18,0,8,0,0,0,26
frame_21756.jpg,20,15,0,5,0,0,0,20
frame_2176.jpg,22,14,0,7,1,0,0,22
frame_21760.jpg,25,16,0,9,0,0,0,25
frame_21764.jpg,23,15,0,8,0,0,0,23
frame_21768.jpg,22,14,0,7,1,0,0,22
frame_21772.jpg,24,15,0,9,0,0,1,25
frame_21776.jpg,24,17,0,7,0,0,0,24
frame_21780.jpg,25,17,0,8,0,0,0,25
frame_21784.jpg,25,17,0,7,1,0,0,25
frame_21788.jpg,27,19,0,8,0,0,0,27
frame_21792.jpg,26,18,0,8,0,0,0,26
frame_21796.jpg,24,16,0,8,0,0,1,25
frame_2180.jpg,30,19,0,10,1,0,0,30
frame_21800.jpg,25,17,0,8,0,0,1,26
frame_21804.jpg,26,19,0,7,0,0,1,27
frame_21808.jpg,26,17,0,8,1,0,1,27
frame_21812.jpg,23,16,0,7,0,0,0,23
frame_21816.jpg,20,13,0,7,0,0,0,20
frame_21820.jpg,21,12,0,9,0,0,0,21
frame_21824.jpg,22,15,0,7,0,0,0,22
frame_21828.jpg,26,19,0,7,0,0,0,26
frame_21832.jpg,27,20,0,7,0,0,0,27
frame_21836.jpg,22,14,0,8,0,0,0,22
frame_2184.jpg,31,21,0,9,1,0,0,31
frame_21840.jpg,23,16,0,7,0,0,0,23
frame_21844.jpg,24,18,0,6,0,0,0,24
frame_21848.jpg,24,17,0,7,0,0,0,24
frame_21852.jpg,23,16,0,7,0,0,0,23
frame_21856.jpg,20,14,0,6,0,0,0,20
frame_21860.jpg,20,12,0,8,0,0,0,20
frame_21864.jpg,25,17,0,8,0,0,0,25
frame_21868.jpg,24,17,0,7,0,0,0,24
frame_21872.jpg,22,15,0,7,0,0,0,22
frame_21876.jpg,23,16,0,7,0,0,0,23
frame_2188.jpg,28,17,0,10,1,0,0,28
frame_21880.jpg,26,17,0,9,0,0,0,26
frame_21884.jpg,27,18,0,9,0,0,0,27
frame_21888.jpg,26,16,1,9,0,0,0,26
frame_21892.jpg,28,19,0,9,0,0,0,28
frame_21896.jpg,28,21,0,7,0,0,0,28
frame_21900.jpg,24,16,0,8,0,0,0,24
frame_21904.jpg,27,19,0,8,0,0,0,27
frame_21908.jpg,26,15,0,11,0,0,0,26
frame_21912.jpg,30,19,0,11,0,0,0,30
frame_21916.jpg,29,22,0,7,0,0,0,29
frame_2192.jpg,28,19,0,7,2,0,0,28
frame_21920.jpg,27,18,1,8,0,0,1,28
frame_21924.jpg,26,19,0,7,0,0,0,26
frame_21928.jpg,27,21,0,6,0,0,0,27
frame_21932.jpg,30,24,0,6,0,0,0,30
frame_21936.jpg,29,23,0,6,0,0,0,29
frame_21940.jpg,28,23,0,5,0,0,0,28
frame_21944.jpg,28,21,1,6,0,0,0,28
frame_21948.jpg,29,21,0,8,0,0,0,29
frame_21952.jpg,28,20,1,7,0,0,0,28
frame_21956.jpg,32,24,1,7,0,0,0,32
frame_2196.jpg,27,19,0,6,2,0,0,27
frame_21960.jpg,26,19,0,7,0,0,0,26
frame_21964.jpg,27,20,0,7,0,0,0,27
frame_21968.jpg,26,19,0,7,0,0,0,26
frame_21972.jpg,26,18,0,8,0,0,0,26
frame_21976.jpg,28,19,0,9,0,0,0,28
frame_21980.jpg,24,16,0,8,0,0,0,24
frame_21984.jpg,23,16,0,7,0,0,0,23
frame_21988.jpg,23,15,0,8,0,0,0,23
frame_21992.jpg,23,16,0,7,0,0,0,23
frame_21996.jpg,25,17,0,8,0,0,0,25
frame_220.jpg,25,18,0,6,1,0,0,25
frame_2200.jpg,28,18,0,8,2,0,0,28
frame_22000.jpg,27,18,0,9,0,0,0,27
frame_22004.jpg,28,19,0,9,0,0,0,28
frame_22008.jpg,25,18,0,7,0,0,0,25
frame_22012.jpg,24,17,0,7,0,0,0,24
frame_22016.jpg,25,18,0,7,0,0,0,25
frame_22020.jpg,24,17,0,7,0,0,0,24
frame_22024.jpg,24,16,0,8,0,0,0,24
frame_22028.jpg,26,17,0,9,0,0,0,26
frame_22032.jpg,27,18,0,9,0,0,0,27
frame_22036.jpg,26,19,0,7,0,0,0,26
frame_2204.jpg,33,22,0,9,2,0,0,33
frame_22040.jpg,28,20,0,8,0,0,0,28
frame_22044.jpg,27,19,0,8,0,0,0,27
frame_22048.jpg,27,19,0,8,0,0,0,27
frame_22052.jpg,30,21,0,9,0,0,0,30
frame_22056.jpg,30,21,0,9,0,0,0,30
frame_22060.jpg,32,22,0,10,0,0,0,32
frame_22064.jpg,28,19,1,8,0,0,0,28
frame_22068.jpg,31,21,1,9,0,0,0,31
frame_22072.jpg,29,19,1,9,0,0,0,29
frame_22076.jpg,28,20,1,7,0,0,0,28
frame_2208.jpg,34,24,0,9,1,0,0,34
frame_22080.jpg,29,20,1,8,0,0,0,29
frame_22084.jpg,31,20,1,10,0,0,0,31
frame_22088.jpg,32,21,1,10,0,0,0,32
frame_22092.jpg,34,24,1,9,0,0,0,34
frame_22096.jpg,33,22,1,10,0,0,1,34
frame_22100.jpg,34,23,1,10,0,0,1,35
frame_22104.jpg,32,23,0,9,0,0,2,34
frame_22108.jpg,31,23,0,8,0,0,1,32
frame_22112.jpg,33,24,0,9,0,0,2,35
frame_22116.jpg,33,24,0,9,0,0,1,34
frame_2212.jpg,32,21,0,10,1,0,0,32
frame_22120.jpg,30,22,0,8,0,0,2,32
frame_22124.jpg,28,20,0,8,0,0,1,29
frame_22128.jpg,31,23,0,8,0,0,1,32
frame_22132.jpg,29,21,0,8,0,0,1,30
frame_22136.jpg,29,21,0,8,0,0,1,30
frame_22140.jpg,29,21,0,8,0,0,1,30
frame_22144.jpg,28,21,0,7,0,0,1,29
frame_22148.jpg,29,21,1,7,0,0,1,30
frame_22152.jpg,27,20,0,7,0,0,1,28
frame_22156.jpg,27,19,0,8,0,0,1,28
frame_2216.jpg,32,21,0,10,1,0,0,32
frame_22160.jpg,29,19,0,9,1,0,1,30
frame_22164.jpg,29,20,0,9,0,0,1,30
frame_22168.jpg,26,17,0,9,0,0,1,27
frame_22172.jpg,30,19,0,11,0,0,1,31
frame_22176.jpg,28,19,0,8,1,0,0,28
frame_22180.jpg,35,25,0,9,1,0,1,36
frame_22184.jpg,30,20,0,9,1,0,1,31
frame_22188.jpg,28,20,0,7,1,0,1,29
frame_22192.jpg,32,23,0,8,1,0,0,32
frame_22196.jpg,29,21,0,8,0,0,0,29
frame_2220.jpg,31,22,0,7,2,0,1,32
frame_22200.jpg,31,21,0,10,0,0,0,31
frame_22204.jpg,29,21,0,8,0,0,0,29
frame_22208.jpg,29,20,0,9,0,0,2,31
frame_22212.jpg,29,19,0,10,0,0,2,31
frame_22216.jpg,32,23,0,8,1,0,1,33
frame_22220.jpg,31,23,0,8,0,0,1,32
frame_22224.jpg,30,22,0,8,0,0,3,33
frame_22228.jpg,24,17,0,7,0,0,0,24
frame_22232.jpg,26,17,0,9,0,0,1,27
frame_22236.jpg,29,22,0,7,0,0,2,31
frame_2224.jpg,30,20,0,8,2,0,1,31
frame_22240.jpg,29,21,0,8,0,0,1,30
frame_22244.jpg,30,21,0,9,0,0,0,30
frame_22248.jpg,33,25,0,8,0,0,1,34
frame_22252.jpg,32,20,0,11,1,0,1,33
frame_22256.jpg,30,20,0,9,1,0,2,32
frame_22260.jpg,36,23,0,11,2,0,1,37
frame_22264.jpg,34,24,0,9,1,0,1,35
frame_22268.jpg,33,23,0,9,1,0,1,34
frame_22272.jpg,35,24,0,10,1,0,1,36
frame_22276.jpg,34,26,0,7,1,0,1,35
frame_2228.jpg,29,22,0,6,1,0,1,30
frame_22280.jpg,34,24,0,9,1,0,1,35
frame_22284.jpg,38,25,0,12,1,0,1,39
frame_22288.jpg,35,22,0,12,1,0,1,36
frame_22292.jpg,33,23,0,9,1,0,1,34
frame_22296.jpg,36,25,0,10,1,0,1,37
frame_22300.jpg,27,19,0,8,0,0,1,28
frame_22304.jpg,27,20,0,7,0,0,1,28
frame_22308.jpg,26,18,0,8,0,0,1,27
frame_22312.jpg,27,19,0,8,0,0,2,29
frame_22316.jpg,27,20,0,7,0,0,2,29
frame_2232.jpg,29,21,0,7,1,0,0,29
frame_22320.jpg,30,22,0,7,1,0,1,31
frame_22324.jpg,31,23,0,7,1,0,1,32
frame_22328.jpg,29,21,0,7,1,0,1,30
frame_22332.jpg,31,23,0,8,0,0,1,32
frame_22336.jpg,31,22,0,9,0,0,1,32
frame_22340.jpg,31,20,0,11,0,0,1,32
frame_22344.jpg,29,19,0,10,0,0,1,30
frame_22348.jpg,30,20,0,10,0,0,1,31
frame_22352.jpg,34,25,0,9,0,0,1,35
frame_22356.jpg,31,22,0,9,0,0,2,33
frame_2236.jpg,32,22,0,8,2,0,0,32
frame_22360.jpg,34,25,0,9,0,0,2,36
frame_22364.jpg,36,25,0,10,1,0,1,37
frame_22368.jpg,39,27,0,11,1,0,4,43
frame_22372.jpg,37,28,0,8,1,0,2,39
frame_22376.jpg,31,23,0,7,1,0,1,32
frame_22380.jpg,29,22,0,6,1,0,2,31
frame_22384.jpg,30,20,0,8,2,0,2,32
frame_22388.jpg,30,21,0,8,1,0,2,32
frame_22392.jpg,36,26,0,9,1,0,2,38
frame_22396.jpg,33,23,0,8,2,0,1,34
frame_224.jpg,25,19,0,5,1,0,0,25
frame_2240.jpg,30,20,0,6,4,0,0,30
frame_22400.jpg,33,23,0,8,2,0,1,34
frame_22404.jpg,31,22,0,8,1,0,1,32
frame_22408.jpg,34,25,0,7,2,0,1,35
frame_22412.jpg,33,25,0,7,1,0,2,35
frame_22416.jpg,34,25,0,8,1,0,2,36
frame_22420.jpg,33,25,0,7,1,0,1,34
frame_22424.jpg,35,27,0,7,1,0,1,36
frame_22428.jpg,31,23,0,7,1,0,2,33
frame_22432.jpg,33,24,0,8,1,0,1,34
frame_22436.jpg,33,25,0,8,0,0,1,34
frame_2244.jpg,32,23,0,6,3,0,0,32
frame_22440.jpg,32,23,0,9,0,0,1,33
frame_22444.jpg,34,23,0,10,1,0,1,35
frame_22448.jpg,33,24,0,9,0,0,1,34
frame_22452.jpg,35,23,0,11,1,0,1,36
frame_22456.jpg,33,23,0,9,1,0,2,35
frame_22460.jpg,32,23,0,9,0,0,1,33
frame_22464.jpg,32,22,0,9,1,0,1,33
frame_22468.jpg,33,22,0,11,0,0,1,34
frame_22472.jpg,36,25,0,11,0,0,1,37
frame_22476.jpg,33,23,0,10,0,0,1,34
frame_2248.jpg,29,19,0,8,2,0,0,29
frame_22480.jpg,32,23,0,9,0,0,1,33
frame_22484.jpg,32,22,0,9,1,0,1,33
frame_22488.jpg,28,18,0,10,0,0,1,29
frame_22492.jpg,33,22,0,11,0,0,1,34
frame_22496.jpg,32,22,0,10,0,0,1,33
frame_22500.jpg,30,18,0,12,0,0,1,31
frame_22504.jpg,32,20,0,12,0,0,1,33
frame_22508.jpg,34,22,0,11,1,0,1,35
frame_22512.jpg,28,19,1,8,0,0,1,29
frame_22516.jpg,30,19,0,11,0,0,1,31
frame_2252.jpg,28,18,0,7,3,0,0,28
frame_22520.jpg,29,19,0,10,0,0,1,30
frame_22524.jpg,32,22,0,10,0,0,1,33
frame_22528.jpg,33,22,0,11,0,0,1,34
frame_22532.jpg,33,21,1,11,0,0,1,34
frame_22536.jpg,31,21,1,9,0,0,1,32
frame_22540.jpg,34,23,1,10,0,0,1,35
frame_22544.jpg,29,20,1,8,0,0,1,30
frame_22548.jpg,28,19,1,8,0,0,1,29
frame_22552.jpg,27,18,1,8,0,0,1,28
frame_22556.jpg,28,20,1,7,0,0,1,29
frame_2256.jpg,28,20,0,6,2,0,0,28
frame_22560.jpg,28,21,0,7,0,0,1,29
frame_22564.jpg,28,21,0,7,0,0,1,29
frame_22568.jpg,31,22,0,8,1,0,1,32
frame_22572.jpg,30,23,0,7,0,0,1,31
frame_22576.jpg,31,23,1,7,0,0,1,32
frame_22580.jpg,28,21,0,7,0,0,1,29
frame_22584.jpg,32,23,1,8,0,0,0,32
frame_22588.jpg,35,24,2,9,0,0,1,36
frame_22592.jpg,27,20,0,7,0,0,1,28
frame_22596.jpg,28,20,0,8,0,0,1,29
frame_2260.jpg,32,22,0,9,1,0,0,32
frame_22600.jpg,27,20,0,7,0,0,1,28
frame_22604.jpg,29,21,0,8,0,0,1,30
frame_22608.jpg,32,25,0,7,0,0,0,32
frame_22612.jpg,27,21,0,6,0,0,1,28
frame_22616.jpg,28,20,0,8,0,0,1,29
frame_22620.jpg,28,22,0,6,0,0,1,29
frame_22624.jpg,26,19,0,6,1,0,1,27
frame_22628.jpg,28,22,0,5,1,0,1,29
frame_22632.jpg,27,19,0,7,1,0,1,28
frame_22636.jpg,28,21,0,6,1,0,1,29
frame_2264.jpg,30,22,0,7,1,0,0,30
frame_22640.jpg,28,21,0,7,0,0,1,29
frame_22644.jpg,33,24,1,8,0,0,1,34
frame_22648.jpg,31,23,0,8,0,0,1,32
frame_22652.jpg,33,24,0,9,0,0,1,34
frame_22656.jpg,31,21,0,10,0,0,1,32
frame_22660.jpg,29,20,0,9,0,0,1,30
frame_22664.jpg,30,20,0,10,0,0,1,31
frame_22668.jpg,30,22,0,8,0,0,0,30
frame_22672.jpg,31,24,0,7,0,0,1,32
frame_22676.jpg,35,28,0,7,0,0,1,36
frame_2268.jpg,32,21,0,9,2,0,0,32
frame_22680.jpg,35,26,1,8,0,0,0,35
frame_22684.jpg,33,25,0,8,0,0,0,33
frame_22688.jpg,29,22,0,7,0,0,0,29
frame_22692.jpg,30,22,1,7,0,0,0,30
frame_22696.jpg,29,22,0,7,0,0,2,31
frame_22700.jpg,33,25,0,7,1,0,2,35
frame_22704.jpg,27,19,0,7,1,0,1,28
frame_22708.jpg,31,22,1,8,0,0,0,31
frame_22712.jpg,27,20,0,7,0,0,1,28
frame_22716.jpg,25,16,0,9,0,0,0,25
frame_2272.jpg,29,22,0,5,2,0,0,29
frame_22720.jpg,28,18,0,9,1,0,0,28
frame_22724.jpg,31,19,1,10,1,0,0,31
frame_22728.jpg,27,17,0,9,1,0,2,29
frame_22732.jpg,30,17,1,11,1,0,3,33
frame_22736.jpg,24,15,1,8,0,0,0,24
frame_22740.jpg,28,17,0,10,1,0,0,28
frame_22744.jpg,31,19,1,11,0,0,0,31
frame_22748.jpg,31,20,1,10,0,0,0,31
frame_22752.jpg,34,23,0,11,0,0,1,35
frame_22756.jpg,35,22,1,12,0,0,0,35
frame_2276.jpg,30,22,0,7,1,0,0,30
frame_22760.jpg,35,24,0,11,0,0,0,35
frame_22764.jpg,33,22,0,11,0,0,1,34
frame_22768.jpg,33,24,0,9,0,0,0,33
frame_22772.jpg,30,22,0,8,0,0,0,30
frame_22776.jpg,31,22,0,8,1,0,0,31
frame_22780.jpg,33,24,0,9,0,0,0,33
frame_22784.jpg,27,21,0,6,0,0,0,27
frame_22788.jpg,30,25,0,5,0,0,0,30
frame_22792.jpg,31,21,0,9,1,0,0,31
frame_22796.jpg,29,20,0,8,1,0,0,29
frame_228.jpg,27,20,0,6,1,0,1,28
frame_2280.jpg,28,23,0,5,0,0,0,28
frame_2284.jpg,31,25,0,5,1,0,0,31
frame_2288.jpg,31,26,0,4,1,0,0,31
frame_2292.jpg,34,27,0,5,2,0,0,34
frame_2296.jpg,33,26,0,5,2,0,0,33
frame_2300.jpg,28,23,0,4,1,0,0,28
frame_2304.jpg,30,25,0,5,0,0,0,30
frame_2308.jpg,31,26,0,5,0,0,0,31
frame_2312.jpg,33,27,0,5,1,0,0,33
frame_2316.jpg,31,26,0,5,0,0,0,31
frame_232.jpg,24,19,0,4,1,0,0,24
frame_2320.jpg,33,27,0,6,0,0,0,33
frame_2324.jpg,31,25,0,5,1,0,0,31
frame_2328.jpg,31,24,0,6,1,0,0,31
frame_2332.jpg,35,27,0,7,1,0,0,35
frame_2336.jpg,31,25,0,6,0,0,0,31
frame_2340.jpg,34,28,0,6,0,0,0,34
frame_2344.jpg,36,28,0,7,1,0,0,36
frame_2348.jpg,35,26,0,8,1,0,0,35
frame_2352.jpg,33,27,0,6,0,0,0,33
frame_2356.jpg,34,29,0,5,0,0,0,34
frame_236.jpg,28,20,0,7,1,0,0,28
frame_2360.jpg,36,29,0,7,0,0,0,36
frame_2364.jpg,39,33,1,5,0,0,0,39
frame_2368.jpg,38,31,1,6,0,0,0,38
frame_2372.jpg,38,32,1,5,0,0,0,38
frame_2376.jpg,37,30,0,6,1,0,0,37
frame_2380.jpg,30,26,0,4,0,0,0,30
frame_2384.jpg,32,27,0,5,0,0,0,32
frame_2388.jpg,33,25,1,7,0,0,0,33
frame_2392.jpg,34,25,1,8,0,0,0,34
frame_2396.jpg,37,28,1,8,0,0,0,37
frame_24.jpg,34,22,1,9,2,0,1,35
frame_240.jpg,26,19,0,6,1,0,1,27
frame_2400.jpg,36,27,0,9,0,0,0,36
frame_2404.jpg,34,24,1,9,0,0,0,34
frame_2408.jpg,28,18,0,10,0,0,0,28
frame_2412.jpg,27,19,0,7,1,0,0,27
frame_2416.jpg,28,20,0,8,0,0,0,28
frame_2420.jpg,32,22,0,9,1,0,0,32
frame_2424.jpg,27,19,0,8,0,0,0,27
frame_2428.jpg,26,17,0,9,0,0,0,26
frame_2432.jpg,29,20,0,9,0,0,0,29
frame_2436.jpg,28,20,0,8,0,0,0,28
frame_244.jpg,26,18,0,7,1,0,2,28
frame_2440.jpg,34,22,0,11,1,0,0,34
frame_2444.jpg,30,19,0,10,1,0,0,30
frame_2448.jpg,32,18,0,13,1,0,0,32
frame_2452.jpg,32,23,0,8,1,0,0,32
frame_2456.jpg,30,22,0,8,0,0,0,30
frame_2460.jpg,26,21,0,5,0,0,0,26
frame_2464.jpg,27,21,0,5,1,0,0,27
frame_2468.jpg,29,22,0,5,2,0,0,29
frame_2472.jpg,29,21,0,8,0,0,0,29
frame_2476.jpg,29,22,1,6,0,0,0,29
frame_248.jpg,28,19,0,8,1,0,2,30
frame_2480.jpg,26,21,0,5,0,0,0,26
frame_2484.jpg,28,23,0,5,0,0,0,28
frame_2488.jpg,28,24,0,4,0,0,0,28
frame_2492.jpg,30,22,0,8,0,0,0,30
frame_2496.jpg,34,25,0,9,0,0,0,34
frame_2500.jpg,29,22,0,7,0,0,0,29
frame_2504.jpg,29,21,0,8,0,0,0,29
frame_2508.jpg,29,21,0,7,1,0,0,29
frame_2512.jpg,31,22,0,8,1,0,0,31
frame_2516.jpg,31,22,0,8,1,0,0,31
frame_252.jpg,32,24,0,7,1,0,1,33
frame_2520.jpg,33,25,0,7,1,0,0,33
frame_2524.jpg,29,20,0,8,1,0,0,29
frame_2528.jpg,29,19,0,9,1,0,0,29
frame_2532.jpg,30,21,0,8,1,0,0,30
frame_2536.jpg,30,22,0,7,1,0,0,30
frame_2540.jpg,30,23,0,7,0,0,0,30
frame_2544.jpg,35,26,0,8,1,0,0,35
frame_2548.jpg,34,25,0,6,3,0,0,34
frame_2552.jpg,35,27,0,7,1,0,0,35
frame_2556.jpg,32,24,0,7,1,0,0,32
frame_256.jpg,33,25,0,7,1,0,1,34
frame_2560.jpg,29,21,0,7,1,0,0,29
frame_2564.jpg,32,24,0,7,1,0,0,32
frame_2568.jpg,29,20,0,9,0,0,1,30
frame_2572.jpg,28,20,1,7,0,0,1,29
frame_2576.jpg,33,24,1,8,0,0,0,33
frame_2580.jpg,29,20,0,8,1,0,0,29
frame_2584.jpg,32,22,1,8,1,0,0,32
frame_2588.jpg,31,23,1,7,0,0,0,31
frame_2592.jpg,33,23,0,8,2,0,0,33
frame_2596.jpg,33,24,0,7,2,0,0,33
frame_260.jpg,25,15,0,8,2,0,0,25
frame_2600.jpg,36,26,0,8,2,0,0,36
frame_2604.jpg,38,27,0,10,1,0,1,39
frame_2608.jpg,37,27,0,9,1,0,1,38
frame_2612.jpg,34,24,0,9,1,0,0,34
frame_2616.jpg,38,26,0,10,2,0,0,38
frame_2620.jpg,35,24,0,8,3,0,0,35
frame_2624.jpg,28,19,0,7,2,0,0,28
frame_2628.jpg,31,21,0,8,2,0,0,31
frame_2632.jpg,25,16,0,8,1,0,0,25
frame_2636.jpg,25,16,0,8,1,0,0,25
frame_264.jpg,25,17,0,7,1,0,0,25
frame_2640.jpg,32,21,0,9,2,0,0,32
frame_2644.jpg,29,19,0,9,1,0,0,29
frame_2648.jpg,33,22,0,9,2,0,0,33
frame_2652.jpg,34,25,0,7,2,0,0,34
frame_2656.jpg,34,23,0,8,3,0,0,34
frame_2660.jpg,30,21,0,8,1,0,0,30
frame_2664.jpg,28,18,0,8,2,0,0,28
frame_2668.jpg,32,22,0,9,1,0,0,32
frame_2672.jpg,35,23,0,11,1,0,0,35
frame_2676.jpg,35,23,0,9,3,0,0,35
frame_268.jpg,25,16,0,8,1,0,0,25
frame_2680.jpg,33,23,0,9,1,0,0,33
frame_2684.jpg,32,20,0,9,3,0,0,32
frame_2688.jpg,35,23,0,10,2,0,0,35
frame_2692.jpg,33,22,0,9,2,0,0,33
frame_2696.jpg,32,19,0,10,3,0,0,32
frame_2700.jpg,36,23,0,10,3,0,0,36
frame_2704.jpg,36,23,0,11,2,0,0,36
frame_2708.jpg,36,24,0,10,2,0,0,36
frame_2712.jpg,35,24,0,9,2,0,0,35
frame_2716.jpg,32,23,0,8,1,0,0,32
frame_272.jpg,24,17,0,7,0,0,0,24
frame_2720.jpg,31,20,0,9,2,0,0,31
frame_2724.jpg,28,19,0,8,1,0,0,28
frame_2728.jpg,32,21,0,8,3,0,0,32
frame_2732.jpg,34,22,0,10,2,0,0,34
frame_2736.jpg,29,18,0,10,1,0,0,29
frame_2740.jpg,30,19,0,9,2,0,0,30
frame_2744.jpg,34,21,0,10,3,0,0,34
frame_2748.jpg,32,20,0,11,1,0,0,32
frame_2752.jpg,32,20,0,11,1,0,0,32
frame_2756.jpg,33,22,0,10,1,0,0,33
frame_276.jpg,28,21,0,7,0,0,0,28
frame_2760.jpg,29,18,0,9,2,0,0,29
frame_2764.jpg,30,19,0,9,2,0,0,30
frame_2768.jpg,29,20,0,8,1,0,0,29
frame_2772.jpg,28,17,0,10,1,0,0,28
frame_2776.jpg,25,17,0,7,1,0,0,25
frame_2780.jpg,27,16,0,8,3,0,0,27
frame_2784.jpg,27,17,0,7,3,0,0,27
frame_2788.jpg,28,16,0,8,4,0,0,28
frame_2792.jpg,29,17,0,9,3,0,0,29
frame_2796.jpg,28,17,0,9,2,0,0,28
frame_28.jpg,31,23,0,7,1,0,0,31
frame_280.jpg,28,22,0,6,0,0,0,28
frame_2800.jpg,27,13,0,9,5,0,0,27
frame_2804.jpg,30,17,0,8,5,0,0,30
frame_2808.jpg,29,15,0,9,5,0,0,29
frame_2812.jpg,28,15,0,8,5,0,0,28
frame_2816.jpg,22,13,0,6,3,0,0,22
frame_2820.jpg,24,15,0,5,4,0,0,24
frame_2824.jpg,19,10,1,4,4,0,0,19
frame_2828.jpg,18,9,0,6,3,0,0,18
frame_2832.jpg,22,13,0,6,3,0,0,22
frame_2836.jpg,25,15,0,6,4,0,1,26
frame_284.jpg,31,25,0,6,0,0,0,31
frame_2840.jpg,27,17,0,7,3,0,1,28
frame_2844.jpg,28,15,0,8,5,0,0,28
frame_2848.jpg,26,17,0,5,4,0,1,27
frame_2852.jpg,25,16,0,5,4,0,1,26
frame_2856.jpg,24,15,0,6,3,0,0,24
frame_2860.jpg,23,15,0,6,2,0,0,23
frame_2864.jpg,23,14,0,7,2,0,0,23
frame_2868.jpg,20,11,0,5,4,0,0,20
frame_2872.jpg,21,14,0,4,3,0,0,21
frame_2876.jpg,23,16,0,4,3,0,1,24
frame_288.jpg,23,18,0,5,0,0,0,23
frame_2880.jpg,23,16,0,4,3,0,1,24
frame_2884.jpg,24,16,0,4,4,0,1,25
frame_2888.jpg,23,15,0,4,4,0,0,23
frame_2892.jpg,22,14,0,4,4,0,0,22
frame_2896.jpg,21,14,0,4,3,0,0,21
frame_2900.jpg,25,16,0,5,4,0,0,25
frame_2904.jpg,25,16,0,5,4,0,0,25
frame_2908.jpg,31,21,0,5,5,0,1,32
frame_2912.jpg,29,20,0,6,3,0,0,29
frame_2916.jpg,26,18,0,6,2,0,0,26
frame_292.jpg,28,21,0,7,0,0,0,28
frame_2920.jpg,22,15,0,5,2,0,0,22
frame_2924.jpg,23,14,0,5,4,0,0,23
frame_2928.jpg,25,16,0,6,3,0,0,25
frame_2932.jpg,24,16,0,7,1,0,0,24
frame_2936.jpg,22,14,0,6,2,0,0,22
frame_2940.jpg,22,14,0,6,2,0,0,22
frame_2944.jpg,25,15,0,8,2,0,0,25
frame_2948.jpg,26,16,0,8,2,0,0,26
frame_2952.jpg,25,16,0,7,2,0,0,25
frame_2956.jpg,24,16,0,6,2,0,0,24
frame_296.jpg,28,19,0,9,0,0,0,28
frame_2960.jpg,23,15,0,5,3,0,0,23
frame_2964.jpg,25,16,0,7,2,0,0,25
frame_2968.jpg,27,19,0,7,1,0,0,27
frame_2972.jpg,32,23,0,7,2,0,0,32
frame_2976.jpg,24,17,0,6,1,0,0,24
frame_2980.jpg,24,16,0,6,2,0,0,24
frame_2984.jpg,22,15,0,6,1,0,0,22
frame_2988.jpg,25,17,0,6,2,0,0,25
frame_2992.jpg,22,15,0,6,1,0,0,22
frame_2996.jpg,23,16,0,6,1,0,0,23
frame_300.jpg,33,25,1,4,3,0,0,33
frame_304.jpg,34,27,1,4,2,0,1,35
frame_308.jpg,26,19,1,2,4,0,0,26
frame_312.jpg,25,20,1,2,2,0,1,26
frame_316.jpg,28,21,1,3,3,0,0,28
frame_32.jpg,42,34,0,4,4,0,0,42
frame_320.jpg,31,27,1,3,0,0,0,31
frame_324.jpg,31,27,1,2,1,0,1,32
frame_328.jpg,30,26,0,3,1,0,1,31
frame_332.jpg,34,29,0,3,2,0,0,34
frame_336.jpg,33,29,0,3,1,0,0,33
frame_340.jpg,33,28,0,4,1,0,0,33
frame_344.jpg,37,32,0,4,1,0,0,37
frame_348.jpg,34,29,0,4,1,0,0,34
frame_352.jpg,30,26,0,4,0,0,1,31
frame_356.jpg,32,28,0,4,0,0,0,32
frame_36.jpg,34,28,0,3,3,0,1,35
frame_360.jpg,35,31,0,4,0,0,1,36
frame_364.jpg,37,33,0,4,0,0,3,40
frame_368.jpg,31,27,0,4,0,0,0,31
frame_372.jpg,29,25,0,4,0,0,0,29
frame_376.jpg,37,32,0,5,0,0,0,37
frame_380.jpg,31,27,0,4,0,0,1,32
frame_384.jpg,29,24,0,5,0,0,0,29
frame_388.jpg,31,26,0,4,1,0,0,31
frame_392.jpg,35,29,0,4,2,0,0,35
frame_396.jpg,32,28,0,4,0,0,0,32
frame_4.jpg,28,22,0,4,2,0,0,28
frame_40.jpg,35,29,0,4,2,0,0,35
frame_400.jpg,32,27,0,4,1,0,0,32
frame_404.jpg,35,31,0,4,0,0,0,35
frame_408.jpg,28,23,0,4,1,0,0,28
frame_412.jpg,30,25,0,4,1,0,1,31
frame_416.jpg,33,27,0,5,1,0,1,34
frame_420.jpg,32,27,0,5,0,0,0,32
frame_424.jpg,38,32,0,5,1,0,1,39
frame_428.jpg,32,27,0,5,0,0,1,33
frame_432.jpg,32,27,0,5,0,0,0,32
frame_436.jpg,32,26,0,5,1,0,0,32
frame_44.jpg,35,29,0,4,2,0,0,35
frame_440.jpg,32,28,0,4,0,0,1,33
frame_444.jpg,28,24,0,4,0,0,1,29
frame_448.jpg,30,24,0,5,1,0,0,30
frame_452.jpg,31,25,0,5,1,0,0,31
frame_456.jpg,30,26,0,4,0,0,1,31
frame_460.jpg,33,28,0,5,0,0,1,34
frame_464.jpg,34,29,0,4,1,0,2,36
frame_468.jpg,36,31,0,4,1,0,1,37
frame_472.jpg,33,29,0,4,0,0,1,34
frame_476.jpg,33,30,0,3,0,0,0,33
frame_48.jpg,29,23,0,4,2,0,0,29
frame_480.jpg,31,26,0,5,0,0,0,31
frame_484.jpg,31,26,0,5,0,0,0,31
frame_488.jpg,35,27,0,8,0,0,0,35
frame_492.jpg,34,26,0,8,0,0,0,34
frame_496.jpg,37,29,0,8,0,0,1,38
frame_500.jpg,33,23,0,10,0,0,0,33
frame_504.jpg,34,26,0,8,0,0,0,34
frame_508.jpg,35,28,0,7,0,0,1,36
frame_512.jpg,36,32,0,4,0,0,0,36
frame_516.jpg,41,34,0,7,0,0,0,41
frame_52.jpg,32,26,0,4,2,0,0,32
frame_520.jpg,37,29,1,6,1,0,1,38
frame_524.jpg,39,27,1,10,1,0,0,39
frame_528.jpg,37,28,0,8,1,0,0,37
frame_532.jpg,35,26,1,7,1,0,0,35
frame_536.jpg,37,27,1,8,1,0,1,38
frame_540.jpg,40,33,0,6,1,0,1,41
frame_544.jpg,41,34,0,6,1,0,0,41
frame_548.jpg,40,32,0,7,1,0,0,40
frame_552.jpg,36,27,0,8,1,0,0,36
frame_556.jpg,33,26,0,6,1,0,1,34
frame_56.jpg,34,29,0,4,1,0,0,34
frame_560.jpg,37,30,0,6,1,0,1,38
frame_564.jpg,40,33,0,6,1,0,1,41
frame_568.jpg,36,29,0,5,2,0,1,37
frame_572.jpg,40,32,0,7,1,0,0,40
frame_576.jpg,42,35,0,6,1,0,0,42
frame_580.jpg,40,38,0,2,0,0,0,40
frame_584.jpg,39,34,1,3,1,0,0,39
frame_588.jpg,34,31,0,2,1,0,0,34
frame_592.jpg,37,31,1,3,2,0,0,37
frame_596.jpg,36,29,0,5,2,0,0,36
frame_60.jpg,34,29,0,4,1,0,0,34
frame_600.jpg,38,30,0,5,3,0,1,39
frame_604.jpg,37,30,1,3,3,0,2,39
frame_608.jpg,38,32,0,4,2,0,0,38
frame_612.jpg,40,34,1,5,0,0,1,41
frame_616.jpg,34,28,1,4,1,0,0,34
frame_620.jpg,38,34,0,3,1,0,1,39
frame_624.jpg,36,32,0,3,1,0,0,36
frame_628.jpg,34,28,0,4,2,0,1,35
frame_632.jpg,33,28,0,3,2,0,1,34
frame_636.jpg,32,26,0,4,2,0,2,34
frame_64.jpg,30,25,0,4,1,0,0,30
frame_640.jpg,33,25,0,5,3,0,1,34
frame_644.jpg,37,30,0,6,1,0,0,37
frame_648.jpg,34,28,0,5,1,0,1,35
frame_652.jpg,32,27,0,4,1,0,1,33
frame_656.jpg,35,28,1,4,2,0,1,36
frame_660.jpg,31,24,0,5,2,0,1,32
frame_664.jpg,34,29,0,5,0,0,1,35
frame_668.jpg,33,26,0,6,1,0,0,33
frame_672.jpg,33,28,0,5,0,0,0,33
frame_676.jpg,33,27,0,4,2,0,0,33
frame_68.jpg,28,24,0,3,1,0,0,28
frame_680.jpg,33,28,0,5,0,0,1,34
frame_684.jpg,35,29,0,5,1,0,0,35
frame_688.jpg,28,23,0,4,1,0,0,28
frame_692.jpg,34,28,0,5,1,0,1,35
frame_696.jpg,28,23,0,5,0,0,1,29
frame_700.jpg,31,24,0,6,1,0,1,32
frame_704.jpg,33,25,0,7,1,0,1,34
frame_708.jpg,33,25,0,7,1,0,1,34
frame_712.jpg,35,28,0,5,2,0,2,37
frame_716.jpg,38,30,0,6,2,0,1,39
frame_72.jpg,32,29,0,3,0,0,0,32
frame_720.jpg,32,24,0,6,2,0,1,33
frame_724.jpg,33,27,0,5,1,0,2,35
frame_728.jpg,30,24,0,5,1,0,3,33
frame_732.jpg,37,29,0,5,3,0,2,39
frame_736.jpg,35,25,0,7,3,0,3,38
frame_740.jpg,31,24,0,4,3,0,2,33
frame_744.jpg,32,25,0,4,3,0,2,34
frame_748.jpg,27,22,0,3,2,0,1,28
frame_752.jpg,34,25,1,4,4,0,2,36
frame_756.jpg,36,28,0,6,2,0,1,37
frame_76.jpg,29,26,0,3,0,0,0,29
frame_760.jpg,34,25,0,6,3,0,1,35
frame_764.jpg,33,22,1,8,2,0,2,35
frame_768.jpg,32,20,1,9,2,0,2,34
frame_772.jpg,33,20,1,9,3,0,1,34
frame_776.jpg,34,22,1,9,2,0,0,34
frame_780.jpg,32,23,0,7,2,0,1,33
frame_784.jpg,33,25,0,7,1,0,1,34
frame_788.jpg,34,26,0,7,1,0,1,35
frame_792.jpg,32,22,0,7,3,0,1,33
frame_796.jpg,29,24,0,4,1,0,1,30
frame_8.jpg,30,24,0,4,2,0,0,30
frame_80.jpg,29,25,0,4,0,0,0,29
frame_800.jpg,27,21,0,5,1,0,1,28
frame_804.jpg,30,23,0,6,1,0,1,31
frame_808.jpg,31,25,0,5,1,0,1,32
frame_812.jpg,36,28,1,6,1,0,1,37
frame_816.jpg,32,25,0,6,1,0,1,33
frame_820.jpg,33,23,1,7,2,0,1,34
frame_824.jpg,32,24,0,6,2,0,1,33
frame_828.jpg,29,21,0,6,2,0,0,29
frame_832.jpg,35,27,0,6,2,0,1,36
frame_836.jpg,35,27,0,6,2,0,1,36
frame_84.jpg,27,24,0,3,0,0,0,27
frame_840.jpg,31,25,0,4,2,0,1,32
frame_844.jpg,29,23,0,5,1,0,1,30
frame_848.jpg,28,23,0,4,1,0,1,29
frame_852.jpg,28,21,0,5,2,0,1,29
frame_856.jpg,26,18,0,6,2,0,1,27
frame_860.jpg,28,22,0,4,2,0,1,29
frame_864.jpg,28,23,0,3,2,0,1,29
frame_868.jpg,30,24,0,4,2,0,1,31
frame_872.jpg,27,21,0,3,3,0,1,28
frame_876.jpg,28,22,0,5,1,0,1,29
frame_88.jpg,25,22,0,3,0,0,1,26
frame_880.jpg,29,25,0,3,1,0,1,30
frame_884.jpg,29,25,0,2,2,0,0,29
frame_888.jpg,26,22,0,2,2,0,0,26
frame_892.jpg,25,21,0,2,2,0,0,25
frame_896.jpg,26,20,0,3,3,0,0,26
frame_900.jpg,25,20,0,3,2,0,1,26
frame_904.jpg,22,19,0,2,1,0,0,22
frame_908.jpg,21,19,0,1,1,0,1,22
frame_912.jpg,26,23,0,2,1,0,1,27
frame_916.jpg,27,24,0,3,0,0,1,28
frame_92.jpg,28,23,1,4,0,0,1,29
frame_920.jpg,28,23,0,2,3,0,1,29
frame_924.jpg,26,22,0,3,1,0,0,26
frame_928.jpg,29,25,0,3,1,0,1,30
frame_932.jpg,26,23,0,2,1,0,0,26
frame_936.jpg,29,25,0,3,1,0,1,30
frame_940.jpg,30,26,0,3,1,0,0,30
frame_944.jpg,24,20,0,4,0,0,0,24
frame_948.jpg,22,20,0,2,0,0,0,22
frame_952.jpg,25,20,1,3,1,0,1,26
frame_956.jpg,27,23,0,3,1,0,1,28
frame_96.jpg,30,26,0,4,0,0,1,31
frame_960.jpg,27,24,0,3,0,0,0,27
frame_964.jpg,28,23,0,4,1,0,0,28
frame_968.jpg,28,23,0,4,1,0,0,28
frame_972.jpg,24,20,0,3,1,0,0,24
frame_976.jpg,26,21,1,3,1,0,1,27
frame_980.jpg,25,19,0,5,1,0,1,26
frame_984.jpg,26,21,1,3,1,0,0,26
frame_988.jpg,25,18,0,6,1,0,1,26
frame_992.jpg,23,18,0,5,0,0,1,24
frame_996.jpg,20,17,0,3,0,0,0,20
